user_input,retrieved_contexts,response,reference,context_precision,context_recall,faithfulness,answer_relevancy
"Hello, how are you today?","['- Today I Feel Silly & Other Moods That Make My Day (Author: Jamie Lee Curtis) - Summary: A young girl navigates her changing moods, from silly and excited to sad and cranky, after a fight with her best friend. She learns to identify and accept her emotions with the help of her mother and her own self-awareness.\n- Hello! Is That Grandma? (Author: Ian Whybrow;Deborah Allwright) - Summary: A child dials a wrong number and accidentally connects with various farm animals, including a sheep, cow, duck, and hungry crocodile, before finally reaching their grandma to wish her a happy birthday.\n- Who do you think you are? (Author: Alice Munro) - Summary: Rose, a clever and ambitious girl, navigates her life from a small town to university, marriage, and a successful career as an actress and interviewer, while grappling with personal crises and a sense of responsibility to her roots.']","Hello there, it's lovely to meet you! I'm doing fantastically well, thank you for asking. It's always a beautiful day when I get to help people find wonderful books. I've been swimming around the library, making sure everything is tidy and organized, and I just can't wait to share some book recommendations with you. How about you? What's on your mind today, and what kind of stories would you like to explore?",The assistant should warmly greet the user in English and offer help with finding or discussing books.,0.0,0.0,0.0,
"I am looking for a fantasy book about wizards, magical schools, and a giant snake. Do you have any recommendations?","[""- Harry Potter and the Sorcerer's Stone (Book 1) (Author: Rowling, J.K.) - Summary: Harry, an orphan, discovers he's a wizard and enrolls in Hogwarts School of Witchcraft and Wizardry, where he makes friends and uncovers a plot by Lord Voldemort to steal the powerful Sorcerer's Stone.\n- The Girl, the Dragon, and the Wild Magic (Author: Dave Luckett) - Summary: Rhianna, a Wild Talent, must master her unmanageable power to save her town from a dragon, after being discovered by a wizard who recognizes her unique abilities.\n- A Wizard of Earthsea (Author: Ursula K. Le Guin) - Summary: A young boy, once an apprentice to a Master Wizard, grows into manhood while struggling to contain the evil he inadvertently unleashed on the world, now a powerful force he must confront.""]","I think I can hook you up with some fantastic fantasy suggestions that fit the bill. However, I must say, a giant snake, that's quite interesting! I'll see what I can find that matches your request. Based on your preferences, I'd recommend checking out the following options:

1. **A Wizard of Earthsea**
- **Author:** Ursula K. Le Guin
- **Summary:** A young boy, once an apprentice to a Master Wizard, grows into manhood while struggling to contain the evil he inadvertently unleashed on the world, now a powerful force he must confront. I know it sounds a bit ominous, but it's a classic of the fantasy genre.

Unfortunately, I couldn't find a book that specifically features a giant snake at a magical school. The options that come to mind have giant serpents or similar mythical creatures, but not a giant snake, as per your request. However, I'd be happy to recommend books that have wizards or magical schools as main plot points. How about I give you some more options? Or, if you'd like, I can try to look for something that might be a bit more niche.

Please let me know if there's anything else I can help with, or if you'd like additional suggestions.","The assistant should recommend 'Harry Potter and the Chamber of Secrets' based on the themes of wizards, magical schools, and a giant snake.",0.9999999999,0.0,0.16666666666666666,0.862305973140357
Can you recommend a good book involving a prison escape and time travel?,"[""- Time Quartet (Author: Madeleine L'Engle) - Summary: In this omnibus edition, three novels follow Meg Murry as she navigates interdimensional travel, confronts an evil force, and embarks on a mission to save the universe.\n- Harry Potter and the Prisoner of Azkaban (Author: J. K. Rowling) - Summary: Harry Potter must navigate a new threat as a mass-murderer escapes from Azkaban, pursued by Dementors, while also dealing with eerie feelings of being watched and ominous predictions from Professor Trelawney.\n- Strange Attractors (Author: William Sleator) - Summary: Max must evade two rival pursuers, a scientist and his alternate self, as he navigates the complexities of time travel with a device that has the power to change the course of history.""]","What a fascinating combination. I think I have just the thing for you.

You might enjoy **Harry Potter and the Prisoner of Azkaban**.
- **Author:** J. K. Rowling  
- **Summary:** Harry Potter must navigate a new threat as a mass-murderer escapes from Azkaban, pursued by Dementors, while also dealing with eerie feelings of being watched and ominous predictions from Professor Trelawney.

However, if you're looking for something that might satisfy your desire for both prison escape and time travel, you should check out **Strange Attractors**.
- **Author:** William Sleator  
- **Summary:** Max must evade two rival pursuers, a scientist and his alternate self, as he navigates the complexities of time travel with a device that has the power to change the course of history.

But wait, there might be another one that combines both of these elements in an interdimensional way. Have you considered **Time Quartet**?
- **Author:** Madeleine L'Engle  
- **Summary:** In this omnibus edition, three novels follow Meg Murry as she navigates interdimensional travel, confronts an evil force, and embarks on a mission to save the universe. 

Let me know which one catches your eye!",The assistant should recommend 'Harry Potter and the Prisoner of Azkaban' based on the themes of prison escape and time travel.,0.9999999999,1.0,0.8333333333333334,
"In the book 'Harry Potter and the Chamber of Secrets', who is the Defense Against the Dark Arts teacher?","['[DATA FROM BOOKS (QDRANT)]\n\n--- Source: Harry Potter And The Prisoner Of Azkaban - CHAPTER FIVE ---\nof Defense Against the Dark Arts teacher."" There was some scattered, rather unenthusiastic applause. Only those who had been in the compartment on the train with Professor Lupin clapped hard, Harry among them. Professor Lupin looked particularly shabby next to all the other teachers in their best robes. ""Look at Snape!"" Ron hissed in Harry\'s ear. Professor Snape, the Potions master, was staring along the staff table at Professor Lupin. It was common knowledge that Snape,anted the Defense Against the Dark Arts job, but even Harry, who hated Snape, was startled at the expression twisting his thin, sallow face. it was beyond anger: it was loathing. Harry knew that expression only too well; it was the look Snape wore every time he set eyes on Harry. ""As to our second new appointment,"" Dumbledore continued as the lukewarm applause for Professor Lupin died away. ""Well, I am sorry to tell you\n\n76 that Professor Kettleburn, our Care of Magical Creatures teacher, retired at the end of last year in order to enjoy more time with his remaining limbs. However, I am delighted to say that his place will be filled by none other than Rubeus Hagrid, who has agreed to take on this teaching job in addition to his gamekeeping duties."" Harry, Ron, and Hermione stared at one another, stunned. Then they joined in with the applause, which was tumultuous at the Gryffindor table in particular. Harry leaned forward to see Hagrid, who was ruby-red in the face and staring down at his enormous hands, his wide grin hidden in the tangle of his black beard. ""We should\'ve known!"" Ron roared, pounding the table. ""Who else would have assigned us a biting book?"" Harry, Ron, and Hermione were the last to stop clapping, and as Professor Dumbledore started speaking again, they saw that Hagrid was wiping his eyes on the tablecloth. ""Well, I think that\'s everything of importance,"" said Dumbledore. ""Let the feast begin!"" The golden plates and goblets before them filled suddenly with food and drink. Harry, suddenly r\n\n--- Source: Harry Potter And The Prisoner Of Azkaban - CHAPTER SEVEN ---\n""There she is,"" said Harry. Hermione was panting slightly, hurrying up the stairs; one hand clutched her bag, the other seemed to be tucking something down the front of her robes. ""How did you do that?"" said Ron. ""What?"" said Hermione, joining them. ""One minute you were right behind us, the next moment, you were back at the bottom of the stairs again."" ""What?"" Hermione looked slightly confused. ""Oh -- I had to go back for something. Oh no --""\n\n105 A seam had split on Hermione\'s bag. Harry wasn\'t surprised; he could see that it was crammed with at least a dozen large and heavy books. ""Why are you carrying all these around with you?"" Ron asked her. ""You know how many subjects I\'m taking,"" said Hermione breathlessly. ""Couldn\'t hold these for me, could you?"" ""But --"" Ron was turning over the books she had handed him, looking at the covers. ""You havent got any of these subjects today. It\'s only Defense Against the Dark Arts this afternoon."" ""Oh yes,"" said Hermione vaguely, but she packed all the books back into her bag just the same. I hope there\'s something good for lunch, I\'m starving,"" she added, and she marched off toward the Great Hall. ""D\'you get the feeling Hermione\'s not telling us something?Ron asked Harry. Professor Lupin wasn\'t there when they arrived at his first Defense Against the Dark Arts lesson. They all sat down, took out their books, quills, and parchment, and were talking when he finally entered the room. Lupin smiled vaguely and placed his tatty old briefcase on the teacher\'s desk. He was as shabby as ever but looked healthier than he had on the train, as though he had had a few square meals. ""Good afternoon,"" he said. ""Would you please put all your books back in your bags. Today\'s will be a practical lesson. You will need only your wands."" A few curious looks were exchanged as the class put away their books. They had never had a practical Defense Against the Dark Arts\n\n--- Source: Harry Potter and the Chamber of Secrets - CHAPTER FOUR ---\nlauded again,’– he had no idea,’ Lockhart continued, giving Harry a little shake that made his glasses slip to the end of his nose, ‘that he would shortly be getting much, much more than my book, Magical Me. He and his school fellows will, in fact, be getting the real, magical me. Yes, ladies and gentlemen, I have great pleasure and pride in announcing that, this September, I will be taking up the post of Defence Against the Dark Arts teacher at Hogwarts School of Witchcraft and Wizardry!’ The crowd cheered and clapped and Harry found himself being presented with the entire works of Gilderoy Lockhart. Staggering slightly under their weight, he managed to make his way out of the limelight to the edge of the room, where Ginny was standing next to her new cauldron. ‘You have these,’ Harry mumbled to her, tipping the books into the cauldron. ‘I’ll buy my own –’ ‘Bet you loved that, didn’t you, Potter?’ said a voice Harry had no trouble recognising. He straightened up and found himself face to face with Draco Malfoy, who was wearing his usual sneer. ‘Famous Harry Potter,’ said Malfoy. ‘Can’t even go into a bookshop without making the front page.’ ‘Leave him alone, he didn’t want all that!’ said Ginny. It was the first time she had spoken in front of Harry. She was glaring at Malfoy. ‘Potter, you’ve got yourself a girlfriend!’ drawled Malfoy. Ginny went scarlet as Ron and Hermione fought their way over, both clutching stacks of Lockhart’s books. ‘Oh, it’s you,’ said Ron, looking at Malfoy as if he were something unpleasant on the sole of his shoe. ‘Bet you’re surprised to see Harry here, eh?’ ‘Not as surprised as I am to see you in a shop, Weasley,’ retorted Malfoy. ‘I suppose your parents will go hungry for a month to pay for that lot.’ Ron went as red as Ginny. He dropped his books into the cauldron, too,\n\n--- Source: Harry Potter And The Prisoner Of Azkaban - CHAPTER TWELVE ---\nzing while the flame-loving lizards scampered up and down the crumbling, white-hot logs. The first Divination lesson of the new term was much less fun; Professor Trelawney was now teaching them palmistry, and she lost no time in informing Harry that he had the shortest life line she had ever seen.\n\n195 It was Defense Against the Dark Arts that Harry was keen to get to; after his conversation with Wood, he wanted to get started on his anti-dementor lessons as soon as possible. ""Ah yes,"" said Lupin, when Harry reminded him of his promise at the end of class. ""Let me see... how about eight o\'clock on Thursday evening? The History of Magic classroom should be large enough.... I\'ll have to think carefully about how we\'re going to do this.... We can\'t bring a real dementor into the castle to practice on...."" ""Still looks ill, doesn\'t he?"" said Ron as they walked down the corridor, heading to dinner. ""What d\'you reckon\'s the matter with him?"" There was a loud and impatient ""tuh"" from behind them. It was Hermione, who had been sitting at the feet of a suit of armor, repacking her bag, which was so full of books it wouldn\'t close. ""And what are you tutting at us for?"" said Ron irritably. ""Nothing,"" said Hermione in a lofty voice, heaving her bag back over her shoulder. ""Yes, you were,"" said Ron. ""I said I wonder what\'s wrong with Lupin, and you --"" ""Well, isn\'t it obvious?"" said Hermione, with a look of maddening superiority. ""If you don\'t want to tell us, don\'t,"" snapped Ron. ""Fine,"" said Hermione haughtily, and she marched off. ""She doesn\'t know,"" said Ron, staring resentfully after Hermione. ""She\'s just trying to get us to talk to her again."" At eight o\'clock on Thursday evening, Harry left Gryffindor Tower for the History of Magic classroom. It was dark and empty when he arrived, but he lit the lamps with his wand and had waited only\n\n--- Source: Harry Potter And The Prisoner Of Azkaban - CHAPTER EIGHT ---\nCHAPTER EIGHT FLIGHT OF THE FAT FADY In no time at all, Defense Against the Dark Arts had become most people\'s favorite class. Only Draco Malfoy and his gang of Slytherins had anything bad to say about Professor Lupin. ""Look at the state of his robes,"" Malfoy would say in a loud whisper as Professor Lupin passed. ""He dresses like our old houseelf "" But no one else cared that Professor Lupin\'s robes were patched and frayed. His next few lessons were just as interesting as the first.\n\n115 After boggarts, they studied Red Caps, nasty little goblin like creatures that lurked wherever there had been bloodshed: in the dungeons of castles and the potholes of deserted battlefields, waiting to bludgeon those who had gotten lost. From Red Caps they moved on to kappas, creepy. water-dwellers that looked like scaly monkeys, with webbed hands itching to strangle unwitting waders in their ponds. Harry only wished he was as happy with some of his other classes. Worst of all was Potions. Snape was in a particularly vindictive mood these days, and no one was in any doubt why. The story of the boggart assuming Snape\'s shape, and the way that Neville had dressed it in his grandmother\'s clothes, had traveled through the school like wildfire. Snape didn\'t seem to find it funny. His eyes flashed menacingly at the very mention of Professor Lupin\'s name, and he was bullying Neville worse than ever. Harry was also growing to dread the hours he spent in Professor Trelawney\'s stifling tower room, deciphering lopsided shapes and symbols, trying to ignore the way Professor Trelawney\'s enormous eyes filled with tears every time she looked at him. He couldn\'t like Professer Trelawney, even though she was treated with respect bordering on reverence by many of the class. Parvati Patil and Lavender Brown had taken to haunting Professor Trelawney\'s tower room at lunch times, and always returned with annoyingly superior looks on their faces, as though they\n\n--- Source: Harry Potter And The Prisoner Of Azkaban - CHAPTER FIVE ---\ns Express was usually reserved for students and they had never seen an adult there before, except for the witch who pushed the food cart. The stranger was wearing an extremely shabby set of wizard\'s robes that had been darned in several places. He looked ill and exhausted. Though quite young, his light brown hair was flecked with gray. ""Who d\'you reckon he is?"" Ron hissed as they sat down and slid the door shut, taking the seats farthest away from the window. ""Professor R. J. Lupin,"" whispered Hermione at once. ""How d\'you know that?"" ""It\'s on his case,"" she replied, pointing at the luggage rack over the man\'s head, where there was a small, battered case held together with a large quantity of neatly knotted string. The name Professor R. J. Lupin was stamped across one corner in peeling letters.\n\n61 ""Wonder what he teaches?"" said Ron, frowning at Professor Lupin\'s pallid profile. ""That\'s obvious,"" whispered Hermione. ""There\'s only one vacancy, isn\'t there? Defense Against the Dark Arts."" Harry, Ron, and Hermione had already had two Defense Against the Dark Arts teachers, both of whom had lasted only one year. There were rumors that the job was jinxed. ""well, I hope he\'s up to it,"" said Ron doubtfully. ""He looks like on, good hex would finish him off, doesn\'t he? Anyway..."" He turned to Harry. ""What were you going to tell us?"" Harry explained all about Mr. and Mrs. Weasley\'s argument and the warning Mr. Weasley had just given him. \\When he\'d finished, Ron looked thunderstruck, and Hermione had her hands over her mouth. She finally lowered them to say, ""Sirius Black escaped to come after you? Oh, Harry... you\'ll have to be really, really careful. don\'t go looking for trouble, Harry --"" ""I Don\'t go looking for trouble,"" said Harry, nettled. ""Trouble usually finds me."" ""How thick would Harry have to be, to go looking for\n\n--- Source: Harry Potter And The Prisoner Of Azkaban - CHAPTER FIVE ---\n. ""Welcome to another year at Hogwarts! I have a few things to say to you all, and as one of them is very serious, I think it best to get it out of the way before you become befuddled by our excellent feast...."" Dumbledore cleared his throat and continued, ""As you will all be aware after their search of the Hogwarts Express, our school is presently playing host to some of the dementors of Azkaban, who are here on Ministry of Magic business.""\n\n75 He paused, and Harry remembered what Mr. Weasley had said about Dumbledore not being happy with the dementors guarding the school. ""They are stationed at every entrance to the grounds,"" Dumbledore continued, ""and while they are with us, I must make it plain that nobody is to leave school without permission. Dementors are not to be fooled by tricks or disguises -- or even Invisibility Cloaks,"" he added blandly, and Harry and Ron glanced at each other. ""It is not in the nature of a dementor to understand pleading or excuses. I therefore warn each and every one of you to give them no reason to harm you. I look to the prefects, and our new Head Boy and Girl, to make sure that no student runs afoul of the dementors,"" he said. Percy, who was sitting a few seats down from Harry, puffed out his chest again and stared around impressively. Dumbledore paused again; he looked very seriously around the hall, and nobody moved or made a sound. ""On a happier note,"" he continued, I am pleased to welcome two new teachers to our ranks this year. ""First, Professor Lupin, who has kindly consented to fill the post of Defense Against the Dark Arts teacher."" There was some scattered, rather unenthusiastic applause. Only those who had been in the compartment on the train with Professor Lupin clapped hard, Harry among them. Professor Lupin looked particularly shabby next to all the other teachers in their best robes. ""Look at Snape!"" Ron hissed in Harry\'s ear. Professor Snape, the Potions master, was staring along the\n\n--- Source: Harry Potter And The Prisoner Of Azkaban - CHAPTER TEN ---\nhumiliated every time he thought of them. Everyone said the dementors were horrible, but no one else collapsed every time they went near one. No one else heard echoes in their head of their dying parents. Because Harry knew who that screaming voice belonged to now. He had heard her words, heard them over and over again during the night hours in the hospital wing while he lay awake, staring at the strips of moonlight on the ceiling. When the dementors approached him, he heard the last moments of his mother\'s life, her attempts to protect him, Harry, from Lord Voldemort, and Voldemort\'s laughter before he murdered her.... Harry dozed fitfully, sinking into dreams full of clammy, rotted hands and petrified pleading, jerking awake to dwell again on his\n\n153 mother\'s voice. It was a relief to return to the noise and bustle of the main school on Monday, where he was forced to think about other things, eve\', if he had to endure Draco Malfoys taunting. Malfoy was almost beside himself with glee at Gryffindor\'s defeat. He had finally taken off his bandages, and celebrated having the full use of both arms again by doing spirited imitations of Harry falling off his broom. Malfoy spent much of their next Potions class doing dementor imitations across the dungeon; Ron finally cracked and flung a large, slippery crocodile heart at Malfoy, which hit him in the face and caused Snape to take fifty points from Gryffindor. ""If Snape\'s teaching Defense Against the Dark Arts again, I\'m skiving off,"" said Ron as they headed toward Lupin\'s classroom after lunch. ""Check who\'s in there, Hermione."" Hermione peered around the classroom door. ""It\'s okay!"" Professor Lupin was back at work. It certainly looked as though he had been ill. His old robes were hanging more loosely on him and there were dark shadows beneath his eyes; nevertheless, he smiled at the class as they took their seats, and they burst at once into an explosion of complaints about Snape\'\n\n--- Source: Harry Potter and the Chamber of Secrets - CHAPTER FIVE ---\ncandlelight. Several seats along, Harry saw Gilderoy Lockhart, dressed in robes of aquamarine. And there at the end was Hagrid, huge and hairy, drinking deeply from his goblet. ‘Hang on...’ Harry muttered to Ron. ‘There’s an empty chair at the staff table... Where’s Snape?’ Professor Severus Snape was Harry’s least favourite teacher. Harry also happened to be Snape’s least favourite student. Cruel, sarcastic and disliked by everybody except the students from his own house (Slytherin), Snape taught Potions. ‘Maybe he’s ill!’ said Ron hopefully.\n\n62 HARRY POTTER ‘Maybe he’s left,’ said Harry, ‘because he missed out on the Defence Against the Dark Arts job again!’ ‘Or he might have been sacked!’ said Ron enthusiastically. ‘I mean, everyone hates him –’ ‘Or maybe,’ said a very cold voice right behind them, ‘he’s waiting to hear why you two didn’t arrive on the school train.’ Harry spun around. There, his black robes rippling in a cold breeze, stood Severus Snape. He was a thin man with sallow skin, a hooked nose and greasy, shoulder-length black hair, and at this moment, he was smiling in a way that told Harry he and Ron were in very deep trouble. ‘Follow me,’ said Snape. Not daring even to look at each other, Harry and Ron followed Snape up the steps into the vast, echoing Entrance Hall, which was lit with flaming torches. A delicious smell of food was wafting from the Great Hall, but Snape led them away from the warmth and light, down a narrow stone staircase that led into the dungeons. ‘In!’ he said, opening a door halfway down the cold passageway and pointing. They entered Snape’s office, shivering. The shadowy walls were lined with shelves of large glass jars, in which floated all manner of revolting things Harry didn’t really want to know the name of at the moment. The fireplace was dark and empty. Snape\n\n--- Source: Harry Potter And The Prisoner Of Azkaban - CHAPTER NINE ---\ntold Hermione she was a know-it-all at least twice a week, said loudly, ""You asked us a question and she knows the answer! Why ask if you don\'t want to be told?"" The class knew instantly he\'d gone too far. Snape advanced on Ron slowly, and the room held its breath. ""Detention, Weasley,"" Snape said silkily, his face very close to Ron\'s. ""And if I ever hear you criticize the way I teach a class again, you will be very sorry indeed."" No one made a sound throughout the rest of the lesson. They sat and made notes on werewolves from the textbook, while Snape prowled up and down the rows of desks, examining the work they had been doing with Professor Lupin. ""Very poorly explained... That is incorrect, the kappa is more commonly found in Mongolia.... Professor Lupin gave this eight out of ten? I wouldn\'t have given it three...."" When the bell rang at last, Snape held them back. ""You will each write an essay, to be handed in to me, on the ways you recognize and kill werewolves. I want two rolls of parchment or, the subject, and I want them by Monday morning. It is time somebody took this class in hand. Weasley, stay behind, we need to arrange your detention.""\n\n143 Harry and Hermione left the room with the rest of the class, who waited until they were well out of earshot, then burst into a furious tirade about Snape. ""Snape\'s never been like this with any of our other Defense Against the Dark Arts teachers, even if he did want the job,"" Harry said to Hermione. ""Why\'s he got it in for Lupin? D\'you think this is all because of the boggart?"" ""I don\'t know,"" said Hermione pensively. ""But I really hope Professor Lupin gets better soon...."" Ron caught up with them five minutes later, in a towering rage. ""D\'you know what that --"" (he called Snape something that made Hermione say ""Ron!"") ""-- is making me do? I\'ve got to scrub out the bedpans in the hospital wing.']",Gilderoy Lockhart is the Defense Against the Dark Arts teacher in the book 'Harry Potter and the Chamber of Secrets'.,Gilderoy Lockhart is the Defense Against the Dark Arts teacher.,,1.0,,
"In 'Harry Potter and the Prisoner of Azkaban', what is the name of the magical creature that is a Hippogriff?","['[DATA FROM BOOKS (QDRANT)]\n\n--- Source: Harry Potter and the Chamber of Secrets - CHAPTER FIFTEEN ---\nhim! A cell in Azkaban!’ He was shivering uncontrollably now. ‘What was the point of sending us in there? What have we found out, I’d like to know?’ ‘That Hagrid never opened the Chamber of Secrets,’ said Harry, throwing the cloak over Ron and prodding him in the arm to make him walk. ‘He was innocent.’ Ron gave a loud snort. Evidently, hatching Aragog out in a cupboard wasn’t his idea of being innocent. As the castle loomed nearer Harry twitched the Cloak to make sure their feet were hidden, then pushed the creaking front doors ajar. They walked carefully back across the Entrance Hall and up the marble staircase, holding their breath as they passed corridors where watchful sentries were walking. At last they reached the safety of the Gryffindor common room, where the fire had burned itself into glowing ash. They took off the Cloak and climbed the winding staircase to their dormitory. Ron fell onto his bed without bothering to get undressed. Harry, however, didn’t feel very sleepy. He sat on the edge of his four-poster, thinking hard about everything Aragog had said. The creature that was lurking somewhere in the castle, he thought, sounded like a sort of monster Voldemort – even other monsters didn’t want to name it. But he and Ron were no closer to finding out what it was, or how it Petrified its victims. Even Hagrid had never known what was in the Chamber of Secrets. Harry swung his legs up onto his bed and leaned back against his pillows, watching the moon glinting at him through the tower window. He couldn’t see what else they could do. They had hit dead ends everywhere. Riddle had caught the wrong person, the heir of\n\nARAGOG 209 Slytherin had got off, and no one could tell whether it was the same person, or a different one, who had opened the Chamber this time. There was nobody else to ask. Harry lay down, still thinking about what Aragog said. He was becoming drowsy when what seemed like their very last hope occurred to him and he suddenly sat bolt upright. ‘R\n\n--- Source: Harry Potter and the Chamber of Secrets - CHAPTER TWELVE ---\ns was opened, a Mudblood died. So I bet it’s only a matter of time before one of them’s killed this time... I hope it’s Granger,’ he said with relish. Ron was clenching Crabbe’s gigantic fists. Feeling that it would be a bit of a give-away if Ron punched Malfoy, Harry shot him a warning look and said, ‘D’you know if the person who opened the Chamber last time was caught?’ ‘Oh, yeah... whoever it was was expelled,’ said Malfoy. ‘They’re probably still in Azkaban.’ ‘Azkaban?’ said Harry, puzzled. ‘Azkaban – the wizard prison, Goyle,’ said Malfoy, looking at him in disbelief. ‘Honestly, if you were any slower, you’d be going backwards.’ He shifted restlessly in his chair and said, ‘Father says to keep my head down and let the heir of Slytherin get on with it. He says the school needs ridding of all the Mudblood filth, but not to get mixed up in it. Of course, he’s got a lot on his plate at the moment. You know the Ministry of Magic raided our Manor last week?’ Harry tried to force Goyle’s dull face into a look of concern. ‘Yeah...’ said Malfoy. ‘Luckily, they didn’t find much. Father’s got some very valuable Dark Arts stuff. But luckily, we’ve got our own secret chamber under the drawing-room floor –’ ‘Ho!’ said Ron. Malfoy looked at him. So did Harry. Ron blushed. Even his hair was turning red. His nose was also slowly lengthening – their hour was up. Ron was turning back into himself, and from the look of horror he was suddenly giving Harry, he must be, too. They both jumped to their feet. ‘Medicine for my stomach,’ Ron grunted, and without further\n\n168 HARRY POTTER ado they sprinted the length of the Slytherin common room, hurled themselves at the stone wall and dashed up the passage, hoping against hope that Malfoy hadn’t noticed anything.\n\n--- Source: Harry Potter and the Chamber of Secrets - CHAPTER FIFTEEN ---\nwe’ve come.’ ‘In trouble?’ said the aged spider, and Harry thought he heard concern beneath the clicking pincers. ‘But why has he sent you?’ Harry thought of getting to his feet, but decided against it; he didn’t think his legs would support him. So he spoke from the ground, as calmly as he could. ‘They think, up at the school, that Hagrid’s been setting a – a – something on students. They’ve taken him to Azkaban.’ Aragog clicked his pincers furiously, and all around the hollow the sound was echoed by the crowd of spiders; it was like applause, except applause didn’t usually make Harry feel sick with fear. ‘But that was years ago,’ said Aragog fretfully. ‘Years and years ago. I remember it well. That’s why they made him leave the school. They believed that I was the monster that dwells in what they call the Chamber of Secrets. They thought that Hagrid had\n\n206 HARRY POTTER opened the Chamber and set me free.’ ‘And you... you didn’t come from the Chamber of Secrets?’ said Harry, who could feel cold sweat on his forehead. ‘I!’ said Aragog, clicking angrily. ‘I was not born in the castle. I come from a distant land. A traveller gave me to Hagrid when I was an egg. Hagrid was only a boy, but he cared for me, hidden in a cupboard in the castle, feeding me on scraps from the table. Hagrid is my good friend, and a good man. When I was discovered, and blamed for the death of a girl, he protected me. I have lived here in the Forest ever since, where Hagrid still visits me. He even found me a wife, Mosag, and you see how our family has grown, all through Hagrid’s goodness...’ Harry summoned what remained of his courage. ‘So you never – never attacked anyone?’ ‘Never,’ croaked the old spider. ‘It would have been my instinct, but from respect of Hagrid, I never harmed a human. The body of the girl who was killed was discovered in a bathroom. I never saw\n\n--- Source: Harry Potter And The Prisoner Of Azkaban - CHAPTER NINETEEN ---\n,"" said Lupin softly. ""Is a schoolboy grudge worth putting an innocent man back inside Azkaban?"" BANG! Thin, snakelike cords burst from the end of Snape\'s wand and twisted themselves around Lupin\'s mouth, wrists, and ankles; he overbalanced and fell to the floor, unable to move. With a roar of rage, Black started toward Snape, but Snape pointed his wand straight between Black\'s eyes. ""Give me a reason,"" he whispered. ""Give me a reason to do it, and I swear I will."" Black stopped dead. It would have been impossible to say which face showed more hatred. Harry stood there, paralyzed, not knowing what to do or whom to believe. He glanced around at Ron and Hermione. Ron looked just as confused as he did, still fighting to keep hold on the struggling Scabbers. Hermione,\n\n301 however, took an uncertain step toward Snape and said, in a very breathless voice, ""Professor Snape -- it it wouldn\'t hurt to hear what they\'ve got to say, w -- would it?"" ""Miss Granger, you are already facing suspension from this school,"" Snape spat. ""You, Potter, and Weasley are out-of-bounds, in the company of a convicted murderer and a werewolf. For once in your life, hold your tongue."" ""But if -- if there was a mistake --"" ""KEEP QUIET, YOU STUPID GIRL!"" Snape shouted, looking suddenly quite deranged. ""DON\'T TALK ABOUT WHAT YOU DON\'T UNDERSTAND!"" A few sparks shot out of the end of his wand, which was still pointed at Black\'s face. Hermione fell silent. ""Vengeance is very sweet,"" Snape breathed at Black. ""How I hoped I would be the one to catch you...."" ""The joke\'s on you again, Severus,"" Black snarled. ""As long as this boy brings his rat up to the castle"" -- he jerked his head at Ron -- ""I\'ll come quietly...."" ""Up to the castle?"" said Snap\n\n--- Source: Harry Potter And The Prisoner Of Azkaban - CHAPTER ELEVEN ---\n. Harry, about to collapse under Hagrid\'s weight, was rescued by Ron and Hermione, who each seized Hagrid under an arm and heaved him back into the cabin. Hagrid allowed himself to be steered into a chair and slumped over the table, sobbing uncontrollably, his face glazed with tears that dripped down into his tangled beard. ""Hagrid, what is it?"" said Hermione, aghast. Harry spotted an official-looking letter lying open on the table.\n\n181 ""What\'s this, Hagrid?"" Hagrid\'s sobs redoubled, but he shoved the letter toward Harry, who Picked it up and read aloud: Dear Mr. Hagrid, Further to our inquiry into the attack by a hippogriff on a student in your class, we have accepted the assurances of Professor Dumbledore that you bear no responsibility for the regrettable incident. ""Well, that\'s okay then, Hagrid!"" said Ron, clapping Hagrid oil the shoulder. But Hagrid continued to sob, and waved one of his gigantic hands, inviting Harry to read on. However, we must register our concern about the hippogriff in question. We have decided to uphold the official complaint of Mr. Lucius Malfoy, and this matter will therefore be taken to the Committee for the Disposal of Dangerous Creatures. The hearing will take place on April 20th, and we ask you to present yourself and your hippogriff at the Committee\'s offices in London on that date. In the meantime, the hippogriff should be kept tethered and isolated. Yours in fellowship... There followed a list of the school governors. ""Oh,"" said Ron. ""But you said Buckbeak isn\'t a bad hippogriff, Hagrid. I bet he\'ll get off ""Yeh don\' know them gargoyles at the Committee fer the Disposal o\' Dangerous Creatures!"" choked Hagrid, wiping his eyes on his sleeve. ""They\'ve got it in fer interestin\' creatures!"" A sudden sound from the corner of Hagrid\'s cabin made Harry, Ron, and Hermione whip around. Buckbeak the hippogriff was\n\n--- Source: Harry Potter And The Prisoner Of Azkaban - CHAPTER NINETEEN ---\nthere. And not all Voldemort\'s supporters ended up in Azkaban, did they? There are still plenty out here, biding their time, pretending they\'ve seen the error of their ways. If they ever got wind that you were still alive, Peter --"" ""Don\'t know... what you\'re talking about...,"" said Pettigrew again, more shrilly than ever. He wiped his face on his sleeve and looked up at Lupin. ""You don\'t believe this -- this madness, Remus --"" ""I must admit, Peter, I have difficulty in understanding why an innocent man would want to spend twelve years as a rat,"" said Lupin evenly. ""Innocent, but scared!"" squealed Pettigrew. ""If Voldemort\'s supporters were after me, it was because I put one of their best men in Azkaban -the spy, Sirius Black!"" Black\'s face contorted. ""How dare you,"" he growled, sounding suddenly like the bearsized dog he had been. I, a spy for Voldemort? When did I ever sneak around people who were stronger and more powerful than myself? But you, Peter -- I\'ll never understand why I didn\'t see you were the spy from the start. You always liked big friends who\'d look after you, didn\'t you? It used to be us... me and Remus... and James.... Pettigrew wiped his face again; he was almost panting for breath. ""Me, a spy... must be out of your mind... never... don\'t know how you can say such a --"" ""Lily and James only made you Secret-Keeper because I suggested it,""\n\n310 Black hissed, so venomously that Pettigrew took a step backward. ""I thought it was the perfect plan... a bluff... Voldemort would be sure to come after me, would never dream they\'d use a weak, talentless thing like you.... It must have been the finest moment of your miserable life, telling Voldemort you could hand him the Potters."" Pettigrew was muttering distractedly; Harry caught words like ""far-fetched"" and ""lunacy,"" but he couldn\'t help paying\n\n--- Source: Harry Potter And The Prisoner Of Azkaban - CHAPTER ELEVEN ---\n""Think that matters to them? They don\' care. Long as they\'ve got a couple o\' hundred humans stuck there with \'em, so they can leech all the happiness out of \'em, they don\' give a damn who\'s guilty an\' who\'s not."" Hagrid went quiet for a moment, staring into his tea. Then he said quietly, ""Thought o\' jus\' letting Buckbeak go... tryin\' ter make him fly away... but how d\'yeh explain ter a hippogriff it\'s gotta go inter hidin\'? An\' -an\' I\'m scared o\' breakin\' the law...."" He looked up at them, tears leaking down his face again. ""I don\' ever want ter go back ter Azkaban."" The trip to Hagrid\'s, though far from fun, had nevertheless had the effect Ron and Hermione had hoped. Though Harry had by no means forgotten about Black, he couldn\'t brood constantly on revenge if he wanted to help Hagrid win his case against the Committee for the Disposal of Dangerous Creatures. He, Ron, and Hermione went to the library the next day and returned to the empty common room laden with books that might help prepare a defense for Buckbeak. The three of them sat in front of the roaring fire, slowly turning the pages of dusty volumes about famous cases If marauding beasts, speaking occasionally when they ran across something relevant. ""Here\'s something... there was a case in 1722... but the hippogriff was convicted -- ugh, look what they did to it, that\'s disgusting --"" ""This might help, look -- a manticore savaged someone in 1296, and they let the manticore off -- oh -- no, that was only because everyone was\n\n185 too scared to go near it."" Meanwhile, in the rest of the castle, the usual magnificent Christmas decorations had been put up, despite the fact that hardly any of the students remained to enjoy them. Thick streamers of holly and mistletoe were strung along the corridors, mysterious lights shone from inside every suit of armor, and the Great Hall was filled with its usual twelve Christmas trees, glittering\n\n--- Source: Harry Potter And The Prisoner Of Azkaban - CHAPTER TWENTY-ONE ---\nkin patch, and approached Buckbeak. ""It is the decision of the Committee for the Disposal of Dangerous Creatures that the hippogriff Buckbeak, hereafter called the condemned, shall he executed on the sixth of June at sundown --"" Careful not to blink, Harry stared up into Buckbeak\'s fierce orange eyes once more and bowed. Buckbeak sank to his scaly knees and then stood up again. Harry began to fumble with the knot of rope tying Buckbeak to the fence. ""... sentenced to execution by beheading, to be carried out by the Committee\'s appointed executioner, Walden Macnai..."" ""Come on, Buckbeak,"" Harry murmured, ""come on, we\'re going to help you. Quietly... quietly..."" ""... as witnessed below. Hagrid, you sign here..."" Harry threw all his weight onto the rope, but Buckbeak had dug in his front feet.\n\n338 ""Well, let\'s get this over with,"" said the reedy voice of the Committee member from inside Hagrid\'s cabin. ""Hagrid, perhaps it will be better if you stay inside --"" ""No, I -- I wan\' ter be with him.... I don\' wan\' him ter be alone --"" Footsteps echoed from within the cabin. ""Buckbeak, move!"" Harry hissed. Harry tugged harder on the rope around Buckbeak\'s neck. The hippogriff began to walk, rustling its wings irritably. They were still ten feet away from the forest, in plain view of Hagrid\'s back door. ""One moment, please, Macnair,"" came Dumbledore\'s voice. ""You need to sign too."" The footsteps stopped. Harry heaved on the rope. Buckbeak snapped his beak and walked a little faster. Hermione\'s white face was sticking out from behind a tree. ""Harry, hurry!"" she mouthed. Harry could still hear Dumbledore\'s voice talking from within the cabin. He gave the rope another wrench. Buckbeak broke into a grudging trot. They had reached the trees\n\n--- Source: Harry Potter And The Prisoner Of Azkaban - CHAPTER ELEVEN ---\ngrid. I bet he\'ll get off ""Yeh don\' know them gargoyles at the Committee fer the Disposal o\' Dangerous Creatures!"" choked Hagrid, wiping his eyes on his sleeve. ""They\'ve got it in fer interestin\' creatures!"" A sudden sound from the corner of Hagrid\'s cabin made Harry, Ron, and Hermione whip around. Buckbeak the hippogriff was lying in the corner, chomping on something that was oozing blood all over the floor. ""I couldn\' leave him tied up out there in the snow!"" choked Hagrid. ""All on his own! At Christmas.""\n\n182 Harry, Ron, and Hermione looked at one another. They had never seen eye to eye with Hagrid about what he called ""interesting creatures"" and other people called ""terrifying monsters."" Or\' the other hand, there didn\'t seem to be any particular harm in Buckbeak. In fact, by Hagrid\'s usual standards, he was positively cute. ""You\'ll have to put up a good strong defense, Hagrid,"" said Hermione, sitting down and laying a hand on Hagrid\'s massive forearm. ""I\'m sure you can prove Buckbeak is safe."" ""Won\'t make no diff\'rence!"" sobbed Hagrid. ""Them Disposal devils, they\'re all in Lucius Malfoy\'s pocket! Scared o\' him! Ad if I lose the case, Buckbeak --"" Hagrid drew his finger swiftly across his throat, then gave a great wail and lurched forward, his face in his arms. ""What about Dumbledore, Hagrid?"" said Harry. ""He\'s done more\'n enough fer me already,"" groaned Hagrid. ""Got enough on his plate what with keepin\' them dementors outta the castle, an\' Sirius Black lurkin\' around --"" Ron and Hermione looked quickly at Harry, as though expecting him to start berating Hagrid for not telling him the truth about Black. But Harry couldn\'t bring himself to do it, not now that he saw Hagrid so miserable and scared. ""Listen, Hagrid,"" he said, ""you\n\n--- Source: Harry Potter And The Prisoner Of Azkaban - CHAPTER SIX ---\nand Hermione had misgivings. The hippogriffs were tossing their fierce heads and flexing their powerful wings; they didn\'t seem to like being tethered like this. ""No one?"" said Hagrid, with a pleading look. ""I\'ll do it,"" said Harry. There was an intake of breath from behind him, and both Lavender and Parvati whispered, ""Oooh, no, Harry, remember your tea leaves!"" Harry ignored them. He climbed over the paddock fence. ""Good man, Harry!"" roared Hagrid. ""Right then -- let\'s see how yeh get on with Buckbeak.""\n\n93 He untied one of the chains, pulled the gray hippogriff away from its fellows, and slipped off its leather collar. The class on the other side of the paddock seemed to be holding its breath. Malfoy\'s eyes were narrowed maliciously. ""Easy) now, Harry,"" said Hagrid quietly. ""Yeh\'ve got eye contact, now try not ter blink.... Hippogriffs don\' trust yeh if yeh blink too much...."" Harry\'s eyes immediately began to water, but he didn\'t shut thern. Buckbeak had turned his great, sharp head and was staring at Harry with one fierce orange eye. ""Tha\'s it,"" said Hagrid. ""Tha\'s it, Harry... now, bow."" Harry didn\'t feel much like exposing the back of his neck to Buckbeak, but he did as he was told. He gave a short bow and then looked up. The hippogriff was still staring haughtily at him. It didn\'t move. ""Ah,"" said Hagrid, sounding worried. ""Right -- back away, now, Harry, easy does it But then, to Harry\'s enormous surprise, the hippogriff suddenly bent its scaly front knees and sank into what was an unmistakable bow. ""Well done, Harry!"" said Hagrid, ecstatic. ""Right -- yeh can touch him! Pat his beak, go on!"" Feeling that a better reward would have been to back away, Harry moved slowly toward the hippogriff and reached out toward it']",Buckbeak,The Hippogriff's name is Buckbeak.,,,,
"According to the book 'Harry Potter and the Chamber of Secrets', who actually opened the Chamber fifty years ago?","['[DATA FROM BOOKS (QDRANT)]\n\n--- Source: Harry Potter and the Chamber of Secrets - CHAPTER THIRTEEN ---\nhis four-poster in the Gryffindor dormitory, Riddle’s diary lying open on his stomach. Before he had had time to regain his breath, the dormitory door opened and Ron came in. ‘There you are,’ he said. Harry sat up. He was sweating and shaking. ‘What’s up?’ said Ron, looking at him with concern. ‘It was Hagrid, Ron. Hagrid opened the Chamber of Secrets fifty years ago.’\n\n—\n\n--- Source: Harry Potter and the Chamber of Secrets - CHAPTER THIRTEEN ---\nwing, de-whiskered, tail-less and furfree, at the beginning of February. On her first evening back in Gryffindor Tower, Harry showed her T. M. Riddle’s diary and told her the story of how they had found it. ‘Oooh, it might have hidden powers,’ said Hermione enthusiastically, taking the diary and looking at it closely. ‘If it has, it’s hiding them very well,’ said Ron. ‘Maybe it’s shy. I don’t know why you don’t chuck it, Harry.’ ‘I wish I knew why someone did try to chuck it,’ said Harry. ‘I wouldn’t mind knowing how Riddle got an award for special services to Hogwarts, either.’ ‘Could’ve been anything,’ said Ron. ‘Maybe he got thirty O.W.Ls or saved a teacher from the giant squid. Maybe he murdered Myrtle, that would’ve done everyone a favour...’ But Harry could tell from the arrested look on Hermione’s face\n\n174 HARRY POTTER that she was thinking what he was thinking. ‘What?’ said Ron, looking from one to the other. ‘Well, the Chamber of Secrets was opened fifty years ago, wasn’t it?’ he said. ‘That’s what Malfoy said.’ ‘Yeah...’ said Ron slowly. ‘And this diary is fifty years old,’ said Hermione, tapping it excitedly. ‘So?’ ‘Oh, Ron, wake up,’ snapped Hermione. ‘We know the person who opened the Chamber last time was expelled fifty years ago. We know T. M. Riddle got an award for special services to the school fifty years ago. Well, what if Riddle got his special award for catching the heir of Slytherin? His diary would probably tell us everything: where the Chamber is, and how to open it, and what sort of creature lives in it. The person who’s behind the attacks this time wouldn’t want that lying around, would they?’ ‘That’s a brilliant theory, Hermione,’ said Ron, ‘with just one tiny little f\n\n--- Source: Harry Potter and the Chamber of Secrets - CHAPTER ELEVEN ---\nmione listened with their mouths open. ‘The Chamber of Secrets has been opened before?’ said Hermione. ‘This settles it,’ said Ron in a triumphant voice. ‘Lucius Malfoy must’ve opened the Chamber when he was at school here and now he’s told dear old Draco how to do it. It’s obvious. Wish Dobby’d told you what kind of monster’s in there, though. I want to know how come nobody’s noticed it sneaking round the school.’ ‘Maybe it can make itself invisible,’ said Hermione, prodding leeches to the bottom of the cauldron. ‘Or maybe it can disguise itself – pretend to be a suit of armour or something. I’ve read about Chameleon Ghouls...’ ‘You read too much, Hermione,’ said Ron, pouring dead lacewings on top of the leeches. He crumpled up the empty lacewing bag and looked round at Harry. ‘So Dobby stopped us getting on the train and broke your arm...’ He shook his head. ‘You know what, Harry? If he doesn’t stop trying to save your life he’s going to kill you.’ *\n\nTHE DUELLING CLUB 139 The news that Colin Creevey had been attacked and was now lying as though dead in the hospital wing had spread through the entire school by Monday morning. The air was suddenly thick with rumour and suspicion. The first-years were now moving around the castle in tight-knit groups, as though scared they would be attacked if they ventured forth alone. Ginny Weasley, who sat next to Colin Creevey in Charms, was distraught, but Harry felt that Fred and George were going the wrong way about cheering her up. They were taking it in turns to cover themselves with fur or boils and jump out at her from behind statues. They only stopped when Percy, apoplectic with rage, told them he was going to write to Mrs Weasley and tell her Ginny was having nightmares. Meanwhile, hidden from the teachers, a roaring trade in talismans, amulets and other protective devices was sweeping the school. Neville Longbottom bought a\n\n--- Source: Harry Potter and the Chamber of Secrets - CHAPTER THIRTEEN ---\nhis or her nerve, thought Harry. It must be getting riskier and riskier to open the Chamber of Secrets, with the school so alert and suspicious. Perhaps the monster, whatever it was, was even now settling itself down to hibernate for another fifty years... Ernie Macmillan of Hufflepuff didn’t take this cheerful view. He was still convinced that Harry was the guilty one, that he had ‘given himself away’ at the Duelling Club. Peeves wasn’t helping matters: he kept popping up in the crowded corridors singing ‘Oh Potter, you rotter...’, now with a dance-routine to match. Gilderoy Lockhart seemed to think he himself had made the attacks stop. Harry overheard him telling Professor McGonagall so while the Gryffindors were lining up for Transfiguration. ‘I don’t think there’ll be any more trouble, Minerva,’ he said, tapping his nose knowingly and winking. ‘I think the Chamber has been locked for good this time. The culprit must have known\n\n176 HARRY POTTER it was only a matter of time before I caught them. Rather sensible to stop now, before I came down hard on them. ‘You know, what the school needs now is a morale-booster. Wash away the memories of last term! I won’t say any more just now, but I think I know just the thing...’ He tapped his nose again and strode off. Lockhart’s idea of a morale-booster became clear at breakfast time on February the fourteenth. Harry hadn’t had much sleep because of a late-running Quidditch practice the night before, and he hurried down to the Great Hall slightly late. He thought, for a moment, that he’d walked through the wrong doors. The walls were all covered with large, lurid pink flowers. Worse still, heart-shaped confetti was falling from the pale blue ceiling. Harry went over to the Gryffindor table, where Ron was sitting looking sickened, and Hermione seemed to have come over rather giggly. ‘What’s going on?’ Harry asked them, sitting down, and wiping confetti off his bacon. Ron pointed to the teachers’ table,\n\n--- Source: Harry Potter and the Chamber of Secrets - CHAPTER TEN ---\nDobby cannot let Harry Potter stay here now that history is to repeat itself, now that the Chamber of Secrets is open once more –’ Dobby froze, horror-struck, then grabbed Harry’s water jug from his bedside table and cracked it over his own head, toppling out of sight. A second later, he crawled back onto the bed, crosseyed, muttering, ‘Bad Dobby, very bad Dobby...’ ‘So there is a Chamber of Secrets?’ Harry whispered. And – did you say it’s been opened before? Tell me, Dobby!’ He seized the elf’s bony wrist as Dobby’s hand inched towards the water jug. ‘But I’m not Muggle-born – how can I be in danger from the Chamber?’ ‘Ah, sir, ask no more, ask no more of poor Dobby,’ stammered the elf, his eyes huge in the dark. ‘Dark deeds are planned in this place, but Harry Potter must not be here when they happen. Go home, Harry Potter. Go home. Harry Potter must not meddle in this, sir, ’tis too dangerous –’ ‘Who is it, Dobby?’ Harry said, keeping a firm hold on Dobby’s wrist to stop him hitting himself with the water jug again. ‘Who’s opened it? Who opened it last time?’ ‘Dobby can’t, sir, Dobby can’t, Dobby mustn’t tell!’ squealed the elf. ‘Go home, Harry Potter, go home!’ ‘I’m not going anywhere!’ said Harry fiercely. ‘One of my best friends is Muggle-born, she’ll be first in line if the Chamber really has been opened –’ ‘Harry Potter risks his own life for his friends!’ moaned Dobby, in a kind of miserable ecstasy. ‘So noble! So valiant! But he must save himself, he must, Harry Potter must not –’ Dobby suddenly froze, his bat ears quivering. Harry heard it, too. There were footsteps coming down the passageway outside. ‘Dobby must go!’ breathed the elf, terrified; there was a loud crack, and Harry’s fist\n\n--- Source: Harry Potter and the Chamber of Secrets - CHAPTER SEVENTEEN ---\ngrid couldn’t possibly be the heir of Slytherin. It had taken me five whole years to find out everything I could about the Chamber of Secrets and discover the secret entrance... as though Hagrid had the brains, or the power! ‘Only the Transfiguration teacher, Dumbledore, seemed to think Hagrid was innocent. He persuaded Dippet to keep Hagrid and train him as gamekeeper. Yes, I think Dumbledore might have guessed. Dumbledore never seemed to like me as much as the other teachers did...’ ‘I bet Dumbledore saw right through you,’ said Harry, his teeth gritted. ‘Well, he certainly kept an annoyingly close watch on me after Hagrid was expelled,’ said Riddle carelessly. ‘I knew it wouldn’t be safe to open the Chamber again while I was still at school. But I wasn’t going to waste those long years I’d spent searching for it. I decided to leave behind a diary, preserving my sixteen-year-old self in its pages, so that one day, with luck, I would be able to lead another in my footsteps, and finish Salazar Slytherin’s noble work.’ ‘Well, you haven’t finished it,’ said Harry triumphantly. ‘No one’s died this time, not even the cat. In a few hours the Mandrake Draught will be ready and everyone who was Petrified will be all right again.’ ‘Haven’t I already told you,’ said Riddle quietly, ‘that killing Mudbloods doesn’t matter to me any more? For many months now, my new target has been – you.’ Harry stared at him. ‘Imagine how angry I was when the next time my diary was opened, it was Ginny who was writing to me, not you. She saw you with the diary, you see, and panicked. What if you found out how to work it, and I repeated all her secrets to you? What if, even worse, I told you who’d been strangling roosters? So the foolish little brat waited until your dormitory was deserted and stole it back. But I knew what I must do. It was clear to me that\n\n--- Source: Harry Potter and the Chamber of Secrets - CHAPTER THIRTEEN ---\nscrawled, blotting the page in his excitement. ‘I mean that this diary holds memories of terrible things. Things which were covered up. Things which happened at Hogwarts School of Witchcraft and Wizardry.’ ‘That’s where I am now,’ Harry wrote quickly. ‘I’m at Hogwarts, and horrible stuff’s been happening. Do you know anything about the Chamber of Secrets?’\n\n180 HARRY POTTER His heart was hammering. Riddle’s reply came quickly, his writing becoming untidier, as though he was hurrying to tell all he knew. ‘Of course I know about the Chamber of Secrets. In my day, they told us it was a legend, that it did not exist. But this was a lie. In my fifth year, the Chamber was opened and the monster attacked several students, finally killing one. I caught the person who’d opened the Chamber and he was expelled. But the Headmaster, Professor Dippet, ashamed that such a thing had happened at Hogwarts, forbade me to tell the truth. A story was given out that the girl had died in a freak accident. They gave me a nice, shiny, engraved trophy for my trouble and warned me to keep my mouth shut. But I knew it could happen again. The monster lived on, and the one who had the power to release it was not imprisoned.’ Harry nearly upset his ink bottle in his hurry to write back. ‘It’s happening again now. There have been three attacks and no one seems to know who’s behind them. Who was it last time?’ ‘I can show you, if you like,’ came Riddle’s reply. ‘You don’t have to take my word for it. I can take you inside my memory of the night when I caught him.’ Harry hesitated, his quill suspended over the diary. What did Riddle mean? How could he be taken inside somebody else’s memory? He glanced nervously at the door to the dormitory, which was growing dark. When he looked back at the diary, he saw fresh words forming. ‘Let me show you.’ Harry paused for a fraction of a second and then wrote two letters. ‘OK.’ The\n\n--- Source: Harry Potter and the Chamber of Secrets - CHAPTER ELEVEN ---\nhe opened the door and heard their voices coming from a locked cubicle. ‘It’s me,’ he said, closing the door behind him. There was a clunk, a splash and a gasp from within the cubicle and he saw\n\n138 HARRY POTTER Hermione’s eye peering through the keyhole. ‘Harry!’ she said. ‘You gave us such a fright. Come in – how’s your arm?’ ‘Fine,’ said Harry, squeezing into the cubicle. An old cauldron was perched on the toilet, and a crackling from under the rim told Harry they had lit a fire beneath it. Conjuring up portable, waterproof fires was a speciality of Hermione’s. ‘We’d’ve come to meet you, but we decided to get started on the Polyjuice Potion,’ Ron explained, as Harry, with difficulty, locked the cubicle again. ‘We’ve decided this is the safest place to hide it.’ Harry started to tell them about Colin, but Hermione interrupted. ‘We already know, we heard Professor McGonagall telling Professor Flitwick this morning. That’s why we decided we’d better get going –’ ‘The sooner we get a confession out of Malfoy, the better,’ snarled Ron. ‘D’you know what I think? He was in such a foul temper after the Quidditch match, he took it out on Colin.’ ‘There’s something else,’ said Harry, watching Hermione tearing bundles of knotgrass and throwing them into the potion. ‘Dobby came to visit me in the middle of the night.’ Ron and Hermione looked up, amazed. Harry told them everything Dobby had told him – or hadn’t told him. Ron and Hermione listened with their mouths open. ‘The Chamber of Secrets has been opened before?’ said Hermione. ‘This settles it,’ said Ron in a triumphant voice. ‘Lucius Malfoy must’ve opened the Chamber when he was at school here and now he’s told dear old Draco how to do it. It’s obvious. Wish Dobby’d told you what kind of monster’s in there, though. I\n\n--- Source: Harry Potter and the Chamber of Secrets - CHAPTER SEVENTEEN ---\nher deepest fears, her darkest secrets. I grew powerful, far more powerful than little Miss Weasley. Powerful enough to start feeding Miss Weasley a few of my secrets, to start pouring a little of my soul back into her...’\n\nTHE HEIR OF SLYTHERIN 229 ‘What d’you mean?’ said Harry, whose mouth had gone very dry. ‘Haven’t you guessed yet, Harry Potter?’ said Riddle softly. ‘Ginny Weasley opened the Chamber of Secrets. She strangled the school roosters and daubed threatening messages on the walls. She set the serpent of Slytherin on four Mudbloods, and the Squib’s cat.’ ‘No,’ Harry whispered. ‘Yes,’ said Riddle, calmly. ‘Of course, she didn’t know what she was doing at first. It was very amusing. I wish you could have seen her new diary entries... Far more interesting, they became... Dear Tom,’ he recited, watching Harry’s horrified face, ‘I think I’m losing my memory. There are rooster feathers all over my robes and I don’t know how they got there. Dear Tom, I can’t remember what I did on the night of Hallowe’en, but a cat was attacked and I’ve got paint all down my front. Dear Tom, Percy keeps telling me I’m pale and I’m not myself. I think he suspects me... There was another attack today and I don’t know where I was. Tom, what am I going to do? I think I’m going mad... I think I’m the one attacking everyone, Tom!’ Harry’s fists were clenched, the nails digging deep into his palms. ‘It took a very long time for stupid little Ginny to stop trusting her diary,’ said Riddle. ‘But she finally became suspicious and tried to dispose of it. And that’s where you came in, Harry. You found it, and I couldn’t have been more delighted. Of all the people who could have picked it up, it was you, the very person I was most anxious to meet...’\n\n--- Source: Harry Potter and the Chamber of Secrets - CHAPTER SIXTEEN ---\nCHAPTER SIXTEEN — The Chamber of Secrets ‘All those times we were in that bathroom, and she was just three toilets away,’ said Ron bitterly at breakfast next day, ‘and we could’ve asked her, and now...’ It had been hard enough trying to look for spiders. Escaping their teachers long enough to sneak into a girls’ bathroom, the girls’ bathroom, moreover, right next to the scene of the first attack, was going to be almost impossible. But something happened in their first lesson, Transfiguration, which drove the Chamber of Secrets out of their minds for the first time in weeks. Ten minutes into the class, Professor McGonagall told them that their exams would start on the first of June, one week from today. ‘Exams?’ howled Seamus Finnigan. ‘We’re still getting exams?’ There was a loud bang behind Harry as Neville Longbottom’s wand slipped, vanishing one of the legs on his desk. Professor McGonagall restored it with a wave of her own wand, and turned, frowning, to Seamus. ‘The whole point of keeping the school open at this time is for you to receive your education,’ she said sternly. ‘The exams will therefore take place as usual, and I trust you are all revising hard.’ Revising hard! It had never occurred to Harry that there would be exams with the castle in this state. There was a great deal of mutinous muttering around the room, which made Professor McGonagall scowl even more darkly. ‘Professor Dumbledore’s instructions were to keep the school running as normally as possible,’ she said. ‘And that, I need hardly point out, means finding out how much you have learned this year.’ Harry looked down at the pair of white rabbits he was supposed to be turning into slippers. What had he learned so far this\n\nTHE CHAMBER OF SECRETS 211 year? He couldn’t seem to think of anything that would be useful in an exam. Ron looked as though he’d just been told he had to go and live in the Forbidden Forest. ‘Can you imagine me taking exams with this?’ he asked Harry, holding up his wand, which had just started whistling loud']","According to Harry Potter and the Chamber of Secrets - CHAPTER SEVENTEEN, Tom Riddle, also known as Lord Voldemort, was the one who actually opened the Chamber of Secrets fifty years ago, not Hagrid.",Tom Riddle opened the Chamber of Secrets fifty years ago.,,,1.0,
"In 'Harry Potter and the Prisoner of Azkaban', why did Sirius Black give Harry the Firebolt?","['[DATA FROM BOOKS (QDRANT)]\n\n--- Source: Harry Potter And The Prisoner Of Azkaban - CHAPTER FOUR ---\nof the Azkaban guards,"" said Mr. Weasley heavily. ""Nor am 1, if it comes to that... but when you\'re dealing with a wizard like Black, you sometimes have to join forces with those you\'d rather avoid."" ""If they save Harry then I will never say another word against them, said Mr. Weasley wearily. ""It\'s late, Molly, we\'d better go up...."" Harry heard chairs move. As quietly as he could, he hurried down the passage to the bar and out of sight. The parlor door opened, and a few seconds later footsteps told him that Mr. and Mrs. Weasley were climbing the stairs. The bottle of rat tonic was lying under the table they had sat at earlier. Harry waited until he heard Mr. and Mrs. Weasley\'s bedroom door close, then headed back upstairs with the bottle. Fred and George were crouching in the shadows on the landing, heaving with laughter as they listened to Percy dismantling his and Ron\'s room in search of his badge. ""We\'ve got it,"" Fred whispered to Harry. ""We\'ve been improving it."" The badge now read Bighead Boy. Harry forced a laugh, went to give Ron the rat tonic, then shut himself in his room and lay down on his bed. So Sirius Black was after him. This explained everything. Fudge had been lenient with him because he was so relieved to find him alive. He\'d made\n\n57 Harry promise to stay in Diagon Alley where there were plenty of wizards to keep an eye on him. And he was sending two Ministry cars to take them all to the station tomorrow, so that the Weasleys could look after Harry until he was on the train. Harry lay listening to the muffled shouting next door and wondered why he didn\'t feel more scared. Sirius Black had murdered thirteen people with one curse; Mr. and Mrs, Weasley obviously thought Harry would be panic-stricken if he knew the truth. But Harry happened to agree wholeheartedly with Mrs. Weasley that the safest place on earth was wherever Albus Dumbledore happened to be. Did\n\n--- Source: Harry Potter And The Prisoner Of Azkaban - CHAPTER FOUR ---\ny listening to the muffled shouting next door and wondered why he didn\'t feel more scared. Sirius Black had murdered thirteen people with one curse; Mr. and Mrs, Weasley obviously thought Harry would be panic-stricken if he knew the truth. But Harry happened to agree wholeheartedly with Mrs. Weasley that the safest place on earth was wherever Albus Dumbledore happened to be. Didn\'t people always say that Dumbledore was the only person Lord Voldemort had ever been afraid of? Surely Black, as Voldemort\'s right-hand man, would be just as frightened of him? And then there were these Azkaban guards everyone kept talking about. They seemed to scare most people senseless, and if they were stationed all around the school, Black\'s chances of getting inside seemed very remote. No, all in all, the thing that bothered Harry most was the fact that his chances of visiting Hogsmeade now looked like zero. Nobody would want Harry to leave the safety of the castle until Black was caught; in fact, Harry suspected his every move would be carefully watched until the danger had passed. He scowled at the dark ceiling. Did they think he couldn\'t look after himself? He\'d escaped Lord Voldemort three times; he wasn\'t completely useless.... Unbidden, the image of the beast in the shadows of Magnolia Crescent crossed his mind. What to do when you know the worst is coming... ""I\'m not going to be murdered,"" Harry said out loud. ""That\'s the spirit, dear,"" said his mirror sleepily.\n\n--- Source: Harry Potter And The Prisoner Of Azkaban - CHAPTER NINETEEN ---\nshallow. Harry saw his eyes dart to the door and back again. ""Well, hello, Peter,"" said Lupin pleasantly, as though rats frequently erupted into old school friends around him. ""Long time, no see. ""S -- Sirius... R -- Remus..."" Even Pettigrew\'s voice was squeaky. Again, his eyes darted toward the door. ""My friends... my old friends..."" Black\'s wand arm rose, but Lupin seized him around the wrist, gave him a warning took, then turned again to Pettigrew, his voice light and casual. ""We\'ve been having a little chat, Peter, about what happened the night Lily and James died. You might have missed the finer points while you were squeaking around down there on the bed --"" ""Remus,"" gasped Pettigrew, and Harry could see beads of sweat breaking\n\n308 out over his pasty face, ""you don\'t believe him, do you...? He tried to kill me, Remus...."" ""So we\'ve heard,"" said Lupin, more coldly. ""I\'d like to clear up one or two little matters with you, Peter, if you\'ll be so --"" ""He\'s come to try and kill me again!"" Pettigrew squeaked suddenly, pointing at Black, and Harry saw that he used his middle finger, because his index was missing. ""He killed Lily and James and now he\'s going to kill me too.... You\'ve got to help me, Remus...."" Black\'s face looked more skull-like than ever as he stared at Pettigrew with his fathomless eyes. ""No one\'s going to try and kill you until we\'ve sorted a few things out,"" said Lupin. ""Sorted things out?"" squealed Pettigrew, looking wildly about him once more, eyes taking in the boarded windows and, again\' the only door. ""I knew he\'d come after me! I knew he\'d be back for me! I\'ve been waiting for this for twelve years!"" ""You knew Sirius was going to break out of Azkaban?"" said Lupin, his brow furrowed. ""When nobody has ever done it before\n\n--- Source: Harry Potter And The Prisoner Of Azkaban - CHAPTER NINETEEN ---\n\'d done the right thing. ""We attacked a teacher... We attacked a teacher..."" Hermione whimpered, staring at the lifeless Snape with frightened eyes. ""Oh, we\'re going to be in so much trouble --"" Lupin was struggling against his bonds. Black bent down quickly and untied him. Lupin straightened up, rubbing his arms where the ropes had cut into them. ""Thank you, Harry,"" he said. ""I\'m still not saying I believe you,"" he told Lupin. ""Then it\'s time we offered you some proof,"" said Lupin. ""You, boy -give me Peter, please. Now."" Ron clutched Scabbers closer to his chest. ""Come off it,"" he said weakly. ""Are you trying to say he broke out of Azkaban just to get his hands on Scabbers? I mean..."" He looked up at Harry and Hermione for support, ""Okay, say Pettigrew could turn into a rat -- there are millions of rats -- how\'s he supposed to know which one he\'s after if he was locked up in Azkaban?"" ""You know, Sirius, that\'s a fair question,"" said Lupin, turning to Black and frowning slightly. ""How did you find out where he was?"" Black put one of his clawlike hands inside his robes and took out a crumpled piece of paper, which he smoothed flat and held out to show the others. It was the photograph of Ron and his family that had appeared in the Daily Prophet the previous summer, and there, on Ron\'s shoulder, was Scabbers.\n\n304 ""How did you get this?"" Lupin asked Black, thunderstruck. ""Fudge,"" said Black. ""When he came to inspect Azkaban last year, he gave me his paper. And there was Peter, on the front page on this boy\'s shoulder... I knew him at once... how many times had I seen him transform? And the caption said the boy would be going back to Hogwarts... to where Harry was... ""My God,"" said Lupin softly, staring from Scabbers to the picture in the paper and back again. ""His front paw..."" ""What about\n\n--- Source: Harry Potter And The Prisoner Of Azkaban - CHAPTER TWELVE ---\n"" said Lupin. ""Much worse than that. You can exist without your soul, you know, as long as your brain and heart are still working. But you\'ll have no sense of self anymore, no memory, no... anything. There\'s no chance at all of recovery. You\'ll just exist. As an empty shell. And your soul is gone forever... lost."" Lupin drank a little more butterbeer, then said, ""It\'s the fate that awaits Sirius Black. It was in the Daily Prophet this morning. The Ministry have given the dementors permission to perform it if they find him."" Harry sat stunned for a moment at the idea of someone having their soul sucked out through their mouth. But then he thought of Black. ""He deserves it,"" he said suddenly.\n\n206 ""You think so?"" said Lupin lightly. ""Do you really think anyone deserves that?"" ""Yes,"" said Harry defiantly. ""For... for some things..."" He would have liked to have told Lupin about the conversation he\'d overheard about Black in the Three Broomsticks, about Black betraying his mother and father, but it would have involved revealing that he\'d gone to Hogsmeade without permission, and he knew Lupin wouldn\'t be very impressed by that. So he finished his butterbeer, thanked Lupin, and left the History of Magic classroom. Harry half wished that he hadn\'t asked what was under a dementor\'s hood, the answer had been so horrible, and he was so lost in unpleasant thoughts of what it would feel like to have your soul sucked out of you that he walked headlong into Professor McGonagall halfway up the stairs. ""Do watch where you\'re going, Potter!"" ""Sorry, Professor --"" ""I\'ve just been looking for you in the Gryffindor common room, Well, here it is, we\'ve done everything we could think of, and there doesn\'t seem to be anything wrong with it at all. You\'ve got a very good friend somewhere, Potter...."" Harry\'s jaw dropped. She was holding out his Firebolt, and it looked as magnificent as ever. ""I can have it back?"" Harry said weakly. ""Seriously?"" ""Seriously,"" said Professor McG\n\n--- Source: Harry Potter And The Prisoner Of Azkaban - CHAPTER THREE ---\n. ""Yeah, that\'s right. Very close to You-Know-\'Oo, they say. Anyway, when little \'Arry Potter got the better of You-Know-\'Oo --"" Harry nervously flattened his bangs down again. ""-- all You-Know-\'Oo\'s supporters was tracked down, wasn\'t they, Ern? Most of \'em knew it was all over, wiv You-Know-\'Oo gone, and they came quiet. But not Sirius Black. I \'eard he thought \'e\'d be second-in-command once You-Know-\'Oo \'ad taken over. ""Anyway, they cornered Black in the middle of a street full of Muggles an\' Black took out \'is wand and \'e blasted \'alf the street apart, an\' a wizard got it, an\' so did a dozen Muggles what got in the way. \'Orrible, eh? An\' you know what Black did then?"" Stan continued in a dramatic whisper. ""What?"" said Harry. ""Laughed,"" said Stan. ""Jus\' stood there an\' laughed. An\' when reinforcements from the Ministry of Magic got there, I \'e went wiv em quiet as anyfink, still laughing \'is \'ead off. \'Cos \'e\'s mad, inee, Ern? Inee mad?"" ""If he weren\'t when he went to Azkaban, he will be now,"" said Ern in his slow voice. ""I\'d blow meself up before I set foot in that place. Serves him right, mind you... after what he did...."" ""They \'ad a job coverin\' it up, din\' they, Ern?"" Stan said. ""\'Ole street blown up an\' all them Muggles dead. What was it they said ad \'appened, Ern?""\n\n33 ""Gas explosion,"" grunted Ernie. ""An\' now \'e\'s out,"" said Stan, examining the newspaper picture of Black\'s gaunt face again. ""Never been a breakout from Azkaban before, \'as there, Ern? Beats me \'ow \'e did it. Frighten\n\n--- Source: Harry Potter And The Prisoner Of Azkaban - CHAPTER FOUR ---\nrecognized them as Mr. and Mrs. Weasleys\'. He hesitated, not wanting them to know he\'d heard them arguing, when the sound of his own name made him stop, then move closer to the parlor door. ""--makes no sense not to tell him,"" Mr. Weasley was saying heatedly. ""Harry\'s got a right to know. I\'ve tried to tell Fudge, but he insists on treating Harry like a child. He\'s thirteen years old and --"" ""Arthur, the truth would terrify him!"" said Mrs. Weasley shrilly. ""Do you really want to send Harry back to school with that hanging over him? For heaven\'s sake, he\'s happy not knowing!"" ""I don\'t want to make him miserable, I want to put him on his guard!""\n\n55 retorted Mr. Weasley. ""You know what Harry and Ron are like, wandering off by themselves -- they\'ve ended up in the Forbidden Forest twice! But Harry mustn\'t do that this year! When I think what could have happened to him that night he ran away from home! If the Knight Bus hadn\'t picked him up, I\'m prepared to bet he would have been dead before the Ministry found him."" ""But he\'s not dead, he\'s fine, so what\'s the point ""Molly, they say Sirius Black\'s mad, and maybe he is, but he was clever enough to escape from Azkaban, and that\'s supposed to be impossible. It\'s been three weeks, and no one\'s seen hide nor hair of him, and I don\'t care what Fudge keeps telling the Daily Prophet, we\'re no nearer catching Black than inventing self-spelling wands. The only thing we know for sure is what Black\'s after ""But Harry will be perfectly safe at Hogwarts."" ""We thought Azkaban was perfectly safe. If Black can break out of Azkaban, he can break into Hogwarts."" ""But no one\'s really sure that Black\'s after Harry There was a thud on wood, and Harry was sure Mr. Weasley had banged his fist on the table. ""Molly, how many times do I have\n\n--- Source: Harry Potter And The Prisoner Of Azkaban - CHAPTER THREE ---\nleys had managed to get Aunt Marge off the ceiling yet. Stan had unfurled a copy of the Daily Prophet and was now reading with his tongue between his teeth. A large photograph of a sunken-faced man with long, matted hair blinked slowly at Harry from the front page. He looked strangely familiar. ""That man!"" Harry said, forgetting his troubles for a moment. ""He was on the Muggle news!"" Stanley turned to the front page and chuckled. ""Sirius Black,"" he said, nodding. ""\'Course \'e was on the Muggle news, Neville, where you been?"" He gave a superior sort of chuckle at the blank look on Harry\'s face, removed the front page, and handed it to Harry. ""You oughta read the papers more, Neville."" Harry held the paper up to the candlelight and read: BLACK STILL AT LARGE Sirius Black, possibly the most infamous prisoner ever to be held in Azkaban fortress, is still eluding capture, the Ministry of Magic confirmed today. ""We are doing all we can to recapture Black,"" said the Minister of Magic, Cornelius Fudge, this morning, ""and we beg the magical community to remain calm."" Fudge has been criticized by some members of the International\n\n31 Federation of Warlocks for informing the Muggle Prime Minister of the crisis. ""Well, really, I had to, don\'t you know,"" said an irritable Fudge. ""Black is mad. He\'s a danger to anyone who crosses him, magic or Muggle. I have the Prime Minister\'s assurance that he will not breathe a word of Black\'s true identity to anyone. And let\'s face it-who\'d believe him if he did?"" While Muggles have been told that Black is carrying a gun (a kind of metal wand that Muggles use to kill each other), the magical community lives in fear of a massacre like that of twelve years ago, when Black murdered thirteen people with a single curse. Harry looked into the shadowed eyes of Sirius Black, the only part of the sunken face that seemed alive. Harry had never met a vampire, but he had seen pictures of them in his Defense Against the Dark\n\n--- Source: Harry Potter And The Prisoner Of Azkaban - CHAPTER TEN ---\nthe Order of Merlin, First Class, which I think was some comfort to his poor mother. Blades been in Azkaban ever since."" Madam Rosmerta let out a long sigh. ""Is it true he\'s mad, Minister?"" ""I wish I could say that he was,"" said Fudge slowly. ""I certainly believe his master\'s defeat unhinged him for a while. The murder of Pettigrew and all those Muggles was the action of a cornered and desperate man -- cruel... pointless. Yet I met Black on my last inspection of Azkaban. You know, most of the prisoners in there sit muttering to themselves in the dark; there\'s no sense in them... but I was shocked at how normal Black seemed. He spoke quite rationally to me. It was unnerving. You\'d have thought he was merely bored -- asked if I\'d finished with my newspaper, cool as you please, said he missed doing the crossword. Yes, I was astounded at how little effect the dementors seemed to be having on him -- and he was one of the most heavily guarded in the place, you know. Dementors outside his door day and night."" ""But what do you think he\'s broken out to do?"" said Madam Rosmerta. ""Good gracious, Minister, he isn\'t trying to rejoin You-Know-Who, is he?"" I daresay that is his -- er -- eventual plan,"" said Fudge evasively. ""But we hope to catch Black long before that. I must say, You-Know-Who alone and friendless is one thing... but give him back his most devoted servant, and I shudder to think how quickly he\'ll rise again....""\n\n175 There was a small chink of glass on wood. Someone had set down their glass. ""You know, Cornelius, if you\'re dining with the headmaster, he\'d better head back up to the castle,"" said Professor McGonagall. One by one, the pairs of feet in front of Harry took the weight of their owners once more; hems of cloaks swung into sight, and Madam Rosemerta\'s glittering heels disappeared behind the bar. The door of the Three Broomsticks opened again\n\n--- Source: Harry Potter And The Prisoner Of Azkaban - CHAPTER NINETEEN ---\n?"" squealed Pettigrew, looking wildly about him once more, eyes taking in the boarded windows and, again\' the only door. ""I knew he\'d come after me! I knew he\'d be back for me! I\'ve been waiting for this for twelve years!"" ""You knew Sirius was going to break out of Azkaban?"" said Lupin, his brow furrowed. ""When nobody has ever done it before?"" ""He\'s got dark powers the rest of us can only dream of!"" Pettigrew shouted shrilly. ""How else did he get out of there? I suppose He-Who-Must-Not-Be-Named taught him a few tricks!"" Black started to laugh, a horrible, mirthless laugh that filled the whole room. ""Voldemort, teach me tricks?"" he said. Pettigrew flinched as though Black had brandished a whip at him. ""What, scared to hear your old master\'s name?"" said Black. I don\'t blame you, Peter. His lot aren\'t very happy with you, are they?"" ""Don\'t know what you mean, Sirius --"" muttered Pettigrew, his breathing\n\n309 faster than ever. His whole face was shining with sweat now. ""You haven\'t been hiding from me for twelve years,"" said Black. ""You\'ve been hiding from Voldemort\'s old supporters. I heard things in Azkaban, Peter... They all think you\'re dead, or you\'d have to answer to them.... I\'ve heard them screaming all sorts of things in their sleep. Sounds like they think the double-crosser double-crossed them. Voldemort went to the Potters\' on your information... and Voldemort met his downfall there. And not all Voldemort\'s supporters ended up in Azkaban, did they? There are still plenty out here, biding their time, pretending they\'ve seen the error of their ways. If they ever got wind that you were still alive, Peter --"" ""Don\'t know... what you\'re talking about...,"" said Pettigrew again, more shrilly than ever. He wiped his face on his sleeve and']",There is not enough information currently available to answer this question.,"Sirius gave Harry the Firebolt to make up for thirteen birthdays' worth of missed presents from his godfather, and to apologize for frightening him.",,,,
"In 'Harry Potter and the Chamber of Secrets', why is the Whomping Willow planted on the Hogwarts grounds?","['[DATA FROM BOOKS (QDRANT)]\n\n--- Source: Harry Potter And The Prisoner Of Azkaban - CHAPTER EIGHTEEN ---\n. ""I told you, months ago, that the Whomping Willow was planted the year I came to Hogwarts. The truth is that it was planted because I came to Hogwarts. This house"" -- Lupin looked miserably around the room, -""the tunnel that leads to it -- they were built for my use. Once a month, I was smuggled out of the castle, into this place, to transform. The tree was placed at the tunnel mouth to stop anyone coming across me while I was dangerous."" Harry couldn\'t see where this story was going, but he was listening raptly all the same. The only sound apart from Lupin\'s voice was Scabbers\'s frightened squeaking. ""My transformations in those days were -- were terrible. It is very painful to turn into a werewolf. I was separated from humans to bite, so I bit and scratched myself instead. The villagers heard the noise and the screaming and thought they were hearing particularly violent spirits. Dumbledore encouraged the rumor.... Even now, when the house has been silent for years, the villagers don\'t dare approach it...."" ""But apart from my transformations, I was happier than I had ever been in my life. For the first time ever, I had friends, three great friends. Sirius Black... Peter Pettigrew... and, of course, your father, Harry -James Potter."" ""Now, my three friends could hardly fail to notice that I disappeared once a month. I made up all sorts of stories. I told them my mother was ill, and that I had to go home to see her... I was terrified they would desert me the moment they found out what I was. But of course, they, like you, Hermione, worked out the truth...."" ""And they didn\'t desert me at all. Instead, they did something for me that would make my transformations not only bearable, but the best times\n\n297 of my life. They became Animagi."" ""My dad too?"" said Harry, astounded. ""Yes, indeed,"" said Lupin. ""It took them the best part of three years to work out how to do it. Your father and Sirius here were the cleverest students in the school, and lucky they were, because the Anima\n\n--- Source: Harry Potter And The Prisoner Of Azkaban - CHAPTER TEN ---\nlines began to spread like a spider\'s web from the point that George\'s wand had touched. They joined each other, they crisscrossed, they fanned into every corner of the parchment; then words began to blossom across the top, great, curly green words, that proclaimed: Messrs. Moony, Wormtail, Padfoot, and Prongs Purveyors of Aids to Magical Mischief-Makers are proud to present THE MARAUDER\'S MAP It was a map showing every detail of the Hogwarts castle and grounds. But the truly remarkable thing were the tiny ink dots moving around it, each labeled with a name in minuscule writing. Astounded, Harry bent over it. A labeled dot in the top left corner showed that Professor Dumbledore was pacing his study; the caretaker\'s cat, Mrs. Norris, was prowling the second floor; and Peeves the Poltergeist was currently bouncing around the trophy room. And as Harry\'s eyes traveled up and down the familiar corridors, he noticed something else. This map showed a set of passages he had never entered. And many of them seemed to lead ""Right into Hogsmeade,"" said Fred, tracing one of them with his finger. ""There are seven in all. Now, Filch knows about these four"" -- he pointed them out -- ""but we\'re sure we\'re the only ones who know about these. Don\'t bother with the one behind the mirror on the fourth floor. We used it until last winter, but it\'s caved in -- completely blocked. And we don\'t reckon anyone\'s ever used this one, because the Whomping Willow\'s planted right over the entrance. But this one here, this one leads right into the cellar of Honeydukes. We\'ve used it loads of times. And as you might\'ve noticed, the entrance is right outside this room, through that one-eyed old crone\'s hump."" ""Moony, Wormtaill Padfoot, and Prongs,"" sighed George, patting the heading of the map. ""We owe them so much.""\n\n161 ""Noble men, working tireless\n\n--- Source: Harry Potter and the Chamber of Secrets - CHAPTER FIVE ---\nCHAPTER FIVE — The Whomping Willow The end of the summer holidays came too quickly for Harry’s liking. He was looking forward to getting back to Hogwarts, but his month at The Burrow had been the happiest of his life. It was difficult not to feel jealous of Ron when he thought of the Dursleys and the sort of welcome he could expect next time he turned up in Privet Drive. On their last evening, Mrs Weasley conjured up a sumptuous dinner which included all of Harry’s favourite things, ending with a mouthwatering treacle pudding. Fred and George rounded off the evening with a display of Filibuster fireworks; they filled the kitchen with red and blue stars that bounced from ceiling to wall for at least half an hour. Then it was time for a last mug of hot chocolate and bed. It took a long while to get started next morning. They were up at cock-crow, but somehow they still seemed to have a great deal to do. Mrs Weasley dashed about in a bad mood looking for spare socks and quills, people kept colliding on the stairs, half-dressed with bits of toast in their hands, and Mr Weasley nearly broke his neck, tripping over a stray chicken as he crossed the yard carrying Ginny’s trunk to the car. Harry couldn’t see how eight people, six large trunks, two owls and a rat were going to fit into one small Ford Anglia. He had reckoned, of course, without the special features which Mr Weasley had added. ‘Not a word to Molly,’ he whispered to Harry as he opened the boot and showed him how it had been magically expanded so that the trunks fitted easily. When at last they were all in the car, Mrs Weasley glanced into the back seat, where Harry, Ron, Fred, George and Percy were all sitting comfortably side by side, and said, ‘Muggles do know more\n\n54 HARRY POTTER than we give them credit for, don’t they?’ She and Ginny got into the front seat, which had been stretched so that it resembled a park bench. ‘I mean, you’d never know it was this roomy\n\n--- Source: Harry Potter And The Prisoner Of Azkaban - CHAPTER TEN ---\nknow Fred and George had nicked it!"" ""But what about Sirius Black?"" Hermione hissed. ""He could be using one of the passages on that map to get into the castle! The teachers have got to know!"" ""He can\'t be getting in through a passage,"" said Harry quickly. ""There are seven secret tunnels on the map, right? Fred and George reckon Filch already knows about four of them. And of the other three -- one of them\'s caved in, so no one can get through it. one of them\'s got the Whomping Willow planted over the entrance, so you can\'t get out of it. And the one I just came through -well - - it\'s really hard to see the entrance to it down in the cellar, so unless he knew it was there..."" Harry hesistated. What if Black did know the passage was there? Ron, however, cleared his throat significantly, and pointed to a notice pasted on the inside of the sweetshop door. --------BY ORDER OF -------- THE MINISTRY OF MAGIC Customers are reminded that until further notice, dementors will be patrolling the streets of Hogsmeade every night after sundown. This measure has been put in place for the safety of Hogsmeade residents and will be lifted upon the recapture of Sirius Black. It is therefore advisable that you complete your shopping well before nightfall. Merry Christmas! ""See?"" said Ron quietly. ""I\'d like to see Black try and break into Honeydukes with dementors swarming all over the village. Anyway, Hermione, the Honeydukes owners would hear a break-in, wouldn\'t they? They live over the shop!""\n\n166 ""Yes, but but --"" Hermoine seemed to be struggling to find another problem. ""Look, Harry still shouldn\'t be coming into Hogsmeade. He hasn\'t got a signed form! If anyone finds out, he\'ll be in so much trouble! And it\'s not nightfall yet -- what if Sirius Black turns up today? Now?"" ""He\'d have a job spotting Harry in this,"" said Ron, nodding through the mullioned windows at the thick, swirling snow. ""Come on, Hermione\n\n--- Source: Harry Potter And The Prisoner Of Azkaban - CHAPTER NINETEEN ---\nCHAPTER NINETEEN THE SERVANT OF LORD VOLDEMORT Hermione screamed. Black leapt to his feet. Harry felt as though he\'d received a huge electric shock. ""I found this at the base of the Whomping Willow,"" said Snape, throwing the cloak aside, careful to keep this wand pointing directly at Lupin\'s chest. ""Very useful, Potter, I thank you...."" Snape was slightly breathless, but his face was full of suppressed triumph. ""You\'re wondering, perhaps, how I knew you were here?"" he said,\n\n300 his eyes glittering. ""I\'ve just been to your office, Lupin. You forgot to take your potion tonight, so I took a gobletful along. And very lucky I did... lucky for me, I mean. Lying on your desk was a certain map. One glance at it told me all I needed to know. I saw you running along this passageway and out of sight."" ""Severus --"" Lupin began, but Snape overrode him. ""I\'ve told the headmaster again and again that you\'re helping your old friend Black into the castle, Lupin, and here\'s the proof. Not even I dreamed you would have the nerve to use this old place as your hideout --"" ""Severus, you\'re making a mistake,"" said Lupin urgently. ""You haven\'t heard everything -- I can explain -- Sirius is not here to kill Harry --"" ""Two more for Azkaban tonight,"" said Snape, his eyes now gleaming fanatically. ""I shall be interested to see how Dumbledore takes this.... He was quite convinced you were harmless, you know, Lupin... a tame werewolf --"" ""You fool,"" said Lupin softly. ""Is a schoolboy grudge worth putting an innocent man back inside Azkaban?"" BANG! Thin, snakelike cords burst from the end of Snape\'s wand and twisted themselves around Lupin\'s mouth, wrists, and ankles; he overbalanced and fell to the floor, unable to move. With a roar of rage, Black started toward Snape, but\n\n--- Source: Harry Potter And The Prisoner Of Azkaban - CHAPTER NINE ---\nstill the best Seeker we\'ve ever had."" The team trooped out, trailing mud behind them. Madam Pomfrey shut the door behind them, looking disapproving. Ron and Hermione moved nearer to Harry\'s bed. ""Dumbledore was really angry,"" Hermione said in a quaking voice. ""I\'ve never seen him like that before. He ran onto the field as You fell, waved his wand, and you sort of slowed down before you hit the ground. Then he whirled his wand at the dementors. Shot silver stuff at them. They left the stadium right away... He was furious they\'d come onto the grounds. We heard him --"" ""Then he magicked you onto a stretcher,"" said Ron. ""And walked up to school with you floating on it. Everyone thought you were --"" His voice faded, but Harry hardly noticed. He was thinking about what the dementors had done to him... about the screaming voice. He looked up\n\n151 and saw Ron and Hermione lookin, at him so anxiously that he quickly cast around for something matter-of-fact to say. ""Did someone get my Nimbus?"" Ron and Hermione looked quickly at each other. ""Er --"" ""What?"" said Harry, looking from one to the other. ""Well... when you fell off, it got blown away,"" said Hermione hesitantly. ""And?"" ""And it hit -- it hit -- oh, Harry -- it hit the Whomping Willow."" Harry\'s insides lurched. The Whomping Willow was a very violent tree that stood alone in the middle of the grounds. ""And?"" he said, dreading the answer. ""Well, you know the Whomping Willow,"" said Ron. ""It -- it doesn\'t like being hit."" ""Professor Flitwick brought it back just before you came around, said Hermione in a very small voice. Slowly, she reached down for a bag at her feet, turned it upside down, and tipped a dozen bits of splintered wood and twig onto the bed, the only remains of Harry\'s faithful, finally beaten broomstick.\n\n--- Source: Harry Potter And The Prisoner Of Azkaban - CHAPTER EIGHTEEN ---\nd at it. Then Lupin strode toward it and looked out into the landing. ""No one there..."" ""This place is haunted!"" said Ron. ""It\'s not,"" said Lupin, still looking at the door in a puzzled way. ""The Shrieking Shack was never haunted.... The screams and howls the villagers used to hear were made by me."" He pushed his graying hair out of his eyes, thought for a moment then said, ""That\'s where all of this starts -- with my becoming a werewolf, None of this could have happened if I hadn\'t been bitter... and if I hadn\'t been so foolhardy..."" He looked sober and tired. Ron started to interrupt, but Hermione, said, ""Shh!"" She was watching Lupin very intently. ""I as a very small boy when I received the bite. My parents tried everything, but in those days there was no cure. The potion that Professor Snape has been making for me is a very recent discovery. It makes me safe, you see. As long as I take it in the week, preceding the full moon, I keep my mind when I transform.... I\'m able to curl up in my office, a harmless wolf, and wait for the moon to wane again.\n\n296 ""Before the Wolfsbane Potion was discovered, however, I became a fully fledged monster once a month. It seemed impossible that I would be able to come to Hogwarts. Other parents weren\'t likely to want their children exposed to me. ""But then Dumbledore became Headmaster, and he was sympathetic. He said that as long as we took certain precautions, there was no reason I shouldn\'t come to school...."" Lupin sighed, and looked directly at Harry. ""I told you, months ago, that the Whomping Willow was planted the year I came to Hogwarts. The truth is that it was planted because I came to Hogwarts. This house"" -- Lupin looked miserably around the room, -""the tunnel that leads to it -- they were built for my use. Once a month, I was smuggled out of the castle, into this place, to transform. The tree was placed\n\n--- Source: Harry Potter and the Chamber of Secrets - CHAPTER FIVE ---\nthough he’d just been walloped in the stomach by one of the mad tree’s larger branches. If anyone found out Mr Weasley had bewitched the car... he hadn’t thought of that... ‘I noticed, in my search of the park, that considerable damage seems to have been done to a very valuable Whomping Willow,’ Snape went on. ‘That tree did more damage to us than we –’ Ron blurted out. ‘Silence!’ snapped Snape again. ‘Most unfortunately, you are not in my house and the decision to expel you does not rest with me. I shall go and fetch the people who do have that happy power. You will wait here.’ Harry and Ron stared at each other, white-faced. Harry didn’t feel hungry any more. He now felt extremely sick. He tried not to look at a large, slimy something suspended in green liquid on a shelf behind Snape’s desk. If Snape had gone to fetch Professor McGonagall, head of Gryffindor house, they were hardly any better off. She might be fairer than Snape, but she was still extremely strict. Ten minutes later, Snape returned, and sure enough it was Professor McGonagall who accompanied him. Harry had seen Professor McGonagall angry on several occasions, but either he had forgotten just how thin her mouth could go, or he had never seen her this angry before. She raised her wand the moment she entered. Harry and Ron both flinched, but she merely pointed it at the empty fireplace, where flames suddenly erupted. ‘Sit,’ she said, and they both backed into chairs by the fire. ‘Explain,’ she said, her glasses glinting ominously. Ron launched into the story, starting with the barrier at the station refusing to let them through. ‘... so we had no choice, Professor, we couldn’t get on the train.’ ‘Why didn’t you send us a letter by owl? I believe you have an owl?’ Professor McGonagall said coldly to Harry. Harry gaped at her. Now she said it, that seemed the obvious thing to have done. ‘I – I didn’t think –’ ‘That,’ said\n\n--- Source: Harry Potter and the Chamber of Secrets - CHAPTER FIVE ---\narrow stone staircase that led into the dungeons. ‘In!’ he said, opening a door halfway down the cold passageway and pointing. They entered Snape’s office, shivering. The shadowy walls were lined with shelves of large glass jars, in which floated all manner of revolting things Harry didn’t really want to know the name of at the moment. The fireplace was dark and empty. Snape closed the door and turned to look at them. ‘So,’ he said softly, ‘the train isn’t good enough for the famous Harry Potter and his faithful sidekick Weasley. Wanted to arrive with a bang, did we, boys?’ ‘No, sir, it was the barrier at King’s Cross, it –’ ‘Silence!’ said Snape coldly. ‘What have you done with the car?’ Ron gulped. This wasn’t the first time Snape had given Harry the impression of being able to read minds. But a moment later, he understood, as Snape unrolled today’s issue of the Evening Prophet. ‘You were seen,’ he hissed, showing them the headline: FLYING FORD ANGLIA MYSTIFIES MUGGLES. He began to read aloud. ‘ “Two Muggles in London, convinced they saw an old car flying over the Post Office tower... at noon in Norfolk, Mrs Hetty Bayliss, while hanging out her washing... Mr Angus Fleet, of Peebles, reported to police”... six or seven Muggles in all. I\n\nTHE WHOMPING WILLOW 63 believe your father works in the Misuse of Muggle Artefacts Office?’ he said, looking up at Ron and smiling still more nastily. ‘Dear, dear... his own son...’ Harry felt as though he’d just been walloped in the stomach by one of the mad tree’s larger branches. If anyone found out Mr Weasley had bewitched the car... he hadn’t thought of that... ‘I noticed, in my search of the park, that considerable damage seems to have been done to a very valuable Whomping Willow,’ Snape went on. ‘That tree did more damage to us than we –’ Ron blurted out.\n\n--- Source: Harry Potter And The Prisoner Of Azkaban - CHAPTER EIGHTEEN ---\nWhomping Willow to transform. Sirius thought it would be -- er -- amusing, to tell Snape all he had to do was prod the knot on the tree trunk with a long stick, and he\'d be able to get in after me. Well, of course, Snape tried it -- if he\'d got as far as this house, he\'d have met a fully grown werewolf -- but your father, who\'d heard what Sirius had done, went after Snape and pulled him back, at great risk to his life... Snape glimpsed me, though, at the end of the tunnel. He was forbidden by Dumbledore to tell anybody, but from that time on he knew what I was...."" ""So that\'s why Snape doesn\'t like you,"" said Harry slowly, ""because he thought you were in on the joke?"" ""That\'s right,"" sneered a cold voice from the wall behind Lupin. Severus Snape was pulling off the Invisibility Cloak, his wand pointing, directly at Lupin.']","The Whomping Willow was planted on the Hogwarts grounds because it was the year Lupin came to Hogwarts, and the tree was placed at the tunnel mouth to stop anyone from coming across Lupin while he was transforming into a werewolf, as stated in Harry Potter And The Prisoner Of Azkaban - CHAPTER EIGHTEEN.","The Whomping Willow is actually explained in the Prisoner of Azkaban (to guard the passage for Lupin). If asked about it in the context of Chamber of Secrets, it was the tree that Harry and Ron crashed the flying car into.",,1.0,,0.9578444183539094
"Based on 'Harry Potter and the Prisoner of Azkaban', how did Sirius Black manage to escape from the dementors in Azkaban?","['[DATA FROM BOOKS (QDRANT)]\n\n--- Source: Harry Potter And The Prisoner Of Azkaban - CHAPTER FOUR ---\nof the Azkaban guards,"" said Mr. Weasley heavily. ""Nor am 1, if it comes to that... but when you\'re dealing with a wizard like Black, you sometimes have to join forces with those you\'d rather avoid."" ""If they save Harry then I will never say another word against them, said Mr. Weasley wearily. ""It\'s late, Molly, we\'d better go up...."" Harry heard chairs move. As quietly as he could, he hurried down the passage to the bar and out of sight. The parlor door opened, and a few seconds later footsteps told him that Mr. and Mrs. Weasley were climbing the stairs. The bottle of rat tonic was lying under the table they had sat at earlier. Harry waited until he heard Mr. and Mrs. Weasley\'s bedroom door close, then headed back upstairs with the bottle. Fred and George were crouching in the shadows on the landing, heaving with laughter as they listened to Percy dismantling his and Ron\'s room in search of his badge. ""We\'ve got it,"" Fred whispered to Harry. ""We\'ve been improving it."" The badge now read Bighead Boy. Harry forced a laugh, went to give Ron the rat tonic, then shut himself in his room and lay down on his bed. So Sirius Black was after him. This explained everything. Fudge had been lenient with him because he was so relieved to find him alive. He\'d made\n\n57 Harry promise to stay in Diagon Alley where there were plenty of wizards to keep an eye on him. And he was sending two Ministry cars to take them all to the station tomorrow, so that the Weasleys could look after Harry until he was on the train. Harry lay listening to the muffled shouting next door and wondered why he didn\'t feel more scared. Sirius Black had murdered thirteen people with one curse; Mr. and Mrs, Weasley obviously thought Harry would be panic-stricken if he knew the truth. But Harry happened to agree wholeheartedly with Mrs. Weasley that the safest place on earth was wherever Albus Dumbledore happened to be. Did\n\n--- Source: Harry Potter And The Prisoner Of Azkaban - CHAPTER FIVE ---\nhim a particularly large piece. ""Eat it. It\'ll help."" Harry took the chocolate but didn\'t eat it. ""What was that thing?"" he asked Lupin. ""A dementor,"" said Lupin, who was now giving chocolate to everyone else. ""One of the dementors of Azkaban."" Everyone stared at him. Professor Lupin crumpled up the empty chocolate wrapper and put it in his pocket. ""Eat,"" he repeated. ""It\'ll help. I need to speak to the driver, excuse me...\n\n69 He strolled past Harry and disappeared into the corridor. ""Are you sure you\'re okay, Harry?"" said Hermione, watching Harry anxiously. ""I Don\'t get it.... What happened?"" said Harry, wiping more sweat off his face. ""Well -- that thing -- the dementor -- stood there and looked around (I mean, I think it did, I couldn\'t see its face) -- and you -- you ""I thought you were having a fit or something,"" said Ron, who still looked scared. ""You went sort of rigid and fell out of your seat and started twitching -- 11 ""And Professor Lupin stepped over you, and walked toward the dementor, and pulled out his wand,"" said Hermione, ""and he said, \'None of us is hiding Sirius Black under our cloaks. Go.\' But the dementor didn\'t move, so Lupin muttered something, and a silvery thing shot out of his wand at it, and it turned around and sort of glided away.... "" ""It was horrible,"" said Neville, in a higher voice than usual. ""Did YOU feel how cold it got when it came in?"" I felt weird,"" said Ron, shifting his shoulders uncomfortably. ""Like I\'d never be cheerful again...."" Ginny, who was huddled in her corner looking nearly as bad as Harry felt, gave a small sob; Hermione went over and put a comforting arm around her. ""But didn\'t any of you -- fall off your seats?"" said Harry awkwardly. ""No,"" said Ron, looking anxiously at Harry again. ""Ginny was shaking like mad, though...."" Harry\n\n--- Source: Harry Potter And The Prisoner Of Azkaban - CHAPTER FOUR ---\nrecognized them as Mr. and Mrs. Weasleys\'. He hesitated, not wanting them to know he\'d heard them arguing, when the sound of his own name made him stop, then move closer to the parlor door. ""--makes no sense not to tell him,"" Mr. Weasley was saying heatedly. ""Harry\'s got a right to know. I\'ve tried to tell Fudge, but he insists on treating Harry like a child. He\'s thirteen years old and --"" ""Arthur, the truth would terrify him!"" said Mrs. Weasley shrilly. ""Do you really want to send Harry back to school with that hanging over him? For heaven\'s sake, he\'s happy not knowing!"" ""I don\'t want to make him miserable, I want to put him on his guard!""\n\n55 retorted Mr. Weasley. ""You know what Harry and Ron are like, wandering off by themselves -- they\'ve ended up in the Forbidden Forest twice! But Harry mustn\'t do that this year! When I think what could have happened to him that night he ran away from home! If the Knight Bus hadn\'t picked him up, I\'m prepared to bet he would have been dead before the Ministry found him."" ""But he\'s not dead, he\'s fine, so what\'s the point ""Molly, they say Sirius Black\'s mad, and maybe he is, but he was clever enough to escape from Azkaban, and that\'s supposed to be impossible. It\'s been three weeks, and no one\'s seen hide nor hair of him, and I don\'t care what Fudge keeps telling the Daily Prophet, we\'re no nearer catching Black than inventing self-spelling wands. The only thing we know for sure is what Black\'s after ""But Harry will be perfectly safe at Hogwarts."" ""We thought Azkaban was perfectly safe. If Black can break out of Azkaban, he can break into Hogwarts."" ""But no one\'s really sure that Black\'s after Harry There was a thud on wood, and Harry was sure Mr. Weasley had banged his fist on the table. ""Molly, how many times do I have\n\n--- Source: Harry Potter And The Prisoner Of Azkaban - CHAPTER TWENTY ---\nhappy!"" Harry yelled, raising his wand, blinking furiously to try and clear his vision, shaking his head to rid it of the faint screaming that had started inside it -\n\n322 I\'m going to live with my godfather. I\'m leaving the Dursleys. He forced himself to think of Black, and only Black, and began to chant: ""Expecto patronum! Expecto patronum!"" Black gave a shudder, rolled over, and lay motionless on the ground, pale as death. He\'ll be all right. I\'m going to go and live with him. ""Expecto patronum! Hermione, help me! Expecto patronum!"" ""Expecto --"" Hermione whispered, ""expecto -- expecto --"" But she couldn\'t do it. The dementors were closing in, barely ten feet from them. They formed a solid wall around Harry and Hermione, and were getting closer.... ""EXPECTO PATRONUM!"" Harry yelled, trying to blot the screaming from his ears. ""EXPECTO PATRONUM!"" A thin wisp of silver escaped his wand and hovered like mist before him. At the same moment, Harry felt Hermione collapse next to him. He was alone... completely alone.... ""Expecto -- expecto patronum --"" Harry felt his knees hit the cold grass. Fog was clouding his eyes. With a huge effort, he fought to remember -- Sirius was innocent -- innocent -- We\'ll be okay -- I\' mgoing to live with him -""Ex ecto patronum!"" he gasped. By the feeble light of his formless Patronus, He saw a dementor halt, very close to him. It couldn\'t walk through the cloud of silver mist Harry had conjured. A dead, slimy hand slid out from under the cloak. It made a gesture as though to sweep the Patronus aside. ""No -- no --"" Harry gasped. ""He\'s innocent... expecto expecto patronum --""\n\n323 He could feet them watching him, hear their rattling breath like an evil wind around him. The nearest dementor seemed to be considering him. Then\n\n--- Source: Harry Potter And The Prisoner Of Azkaban - CHAPTER NINETEEN ---\nshallow. Harry saw his eyes dart to the door and back again. ""Well, hello, Peter,"" said Lupin pleasantly, as though rats frequently erupted into old school friends around him. ""Long time, no see. ""S -- Sirius... R -- Remus..."" Even Pettigrew\'s voice was squeaky. Again, his eyes darted toward the door. ""My friends... my old friends..."" Black\'s wand arm rose, but Lupin seized him around the wrist, gave him a warning took, then turned again to Pettigrew, his voice light and casual. ""We\'ve been having a little chat, Peter, about what happened the night Lily and James died. You might have missed the finer points while you were squeaking around down there on the bed --"" ""Remus,"" gasped Pettigrew, and Harry could see beads of sweat breaking\n\n308 out over his pasty face, ""you don\'t believe him, do you...? He tried to kill me, Remus...."" ""So we\'ve heard,"" said Lupin, more coldly. ""I\'d like to clear up one or two little matters with you, Peter, if you\'ll be so --"" ""He\'s come to try and kill me again!"" Pettigrew squeaked suddenly, pointing at Black, and Harry saw that he used his middle finger, because his index was missing. ""He killed Lily and James and now he\'s going to kill me too.... You\'ve got to help me, Remus...."" Black\'s face looked more skull-like than ever as he stared at Pettigrew with his fathomless eyes. ""No one\'s going to try and kill you until we\'ve sorted a few things out,"" said Lupin. ""Sorted things out?"" squealed Pettigrew, looking wildly about him once more, eyes taking in the boarded windows and, again\' the only door. ""I knew he\'d come after me! I knew he\'d be back for me! I\'ve been waiting for this for twelve years!"" ""You knew Sirius was going to break out of Azkaban?"" said Lupin, his brow furrowed. ""When nobody has ever done it before\n\n--- Source: Harry Potter And The Prisoner Of Azkaban - CHAPTER NINETEEN ---\ntake you in? Keeping an ear out for news, weren\'t YOU, Peter? Just in case your old protector regained strength, and it was safe to rejoin him...."" Pettigrew opened his mouth and closed it several times. He seemed to have lost the ability to talk. ""Er -- Mr. Black -- Sirius?"" said Hermione. Black jumped at being addressed like this and stared at Hermione as though he had never seen anything quite like her.\n\n311 ""If you don\'t mind me asking, how -- how did you get out of Azkaban, if you didn\'t use Dark Magic?"" ""Thank you!"" gasped Pettigrew, nodding frantically at her. ""Exactly! Precisely what I --"" But Lupin silenced him with a look. Black was frowning slightly at Hermione, but not as though he were annoyed with her. He seemed to be pondering his answer. ""I don\'t know how I did it,"" he said slowly. ""I think the only reason I never lost my mind is that I knew I was innocent. That wasn\'t a happy thought, so the dementors couldn\'t suck it out of me... but it kept me sane and knowing who I am... helped me keep my powers... so when it all became... too much... I could transform in my cell... become a dog. Dementors can\'t see, you know...."" He swallowed. ""They feel their way toward people by feeding off their emotions.... They could tell that my feelings were less -- less human, less complex when I was a dog... but they thought, of course, that I was losing my mind like everyone else in there, so it didn\'t trouble them. But I was weak, very weak, and I had no hope of driving them away from me without a wand...."" ""But then I saw Peter in that picture... I realized he was at Hogwarts with Harry... perfectly positioned to act, if one hint reached his ears that the Dark Side was gathering strength again...."" Pettigrew was shaking his head, mouthing noiselessly, but staring all the while at Black as though hypnotized. ""... ready to strike at the moment he could be sure of allies\n\n--- Source: Harry Potter And The Prisoner Of Azkaban - CHAPTER TEN ---\nthe Order of Merlin, First Class, which I think was some comfort to his poor mother. Blades been in Azkaban ever since."" Madam Rosmerta let out a long sigh. ""Is it true he\'s mad, Minister?"" ""I wish I could say that he was,"" said Fudge slowly. ""I certainly believe his master\'s defeat unhinged him for a while. The murder of Pettigrew and all those Muggles was the action of a cornered and desperate man -- cruel... pointless. Yet I met Black on my last inspection of Azkaban. You know, most of the prisoners in there sit muttering to themselves in the dark; there\'s no sense in them... but I was shocked at how normal Black seemed. He spoke quite rationally to me. It was unnerving. You\'d have thought he was merely bored -- asked if I\'d finished with my newspaper, cool as you please, said he missed doing the crossword. Yes, I was astounded at how little effect the dementors seemed to be having on him -- and he was one of the most heavily guarded in the place, you know. Dementors outside his door day and night."" ""But what do you think he\'s broken out to do?"" said Madam Rosmerta. ""Good gracious, Minister, he isn\'t trying to rejoin You-Know-Who, is he?"" I daresay that is his -- er -- eventual plan,"" said Fudge evasively. ""But we hope to catch Black long before that. I must say, You-Know-Who alone and friendless is one thing... but give him back his most devoted servant, and I shudder to think how quickly he\'ll rise again....""\n\n175 There was a small chink of glass on wood. Someone had set down their glass. ""You know, Cornelius, if you\'re dining with the headmaster, he\'d better head back up to the castle,"" said Professor McGonagall. One by one, the pairs of feet in front of Harry took the weight of their owners once more; hems of cloaks swung into sight, and Madam Rosemerta\'s glittering heels disappeared behind the bar. The door of the Three Broomsticks opened again\n\n--- Source: Harry Potter And The Prisoner Of Azkaban - CHAPTER ELEVEN ---\nir best man... Harry had never given him a thought before. If he hadn\'t known it was the same person, he would never have guessed it was Black in this old photograph. His face wasn\'t sunken and waxy, but handsome, full of laughter. Had he already been working for Voldemort when this picture had been taken? Was he already planning the deaths of the two people next to him? Did he realize he was facing twelve years in Azkaban, twelve years that would make him unrecognizable? But the dementors don\'t affect him, Harry thought, staring into the handsome, laughing face. He doesn\'t have to hear my Min screaming if they get too close Harry slammed the album shut, reached over and stuffed it back into his cabinet, took off his robe and glasses and got into bed, making sure the hangings were hiding him from view. The dormitory door opened. ""Harry?"" said Ron\'s voice uncertainly. But Harry still, pretending to be asleep. He heard Ron leave again, and rolled over on his back, his eyes wide open. A hatred such as he had never known before was coursing through Harry like poison. He could see Black laughing at him through the darkness, as though somebody had pasted the picture from the album over his eyes. He watched, as though somebody was playing him a piece of film, Sirius Black blasting Peter Pettigrew (who resembled Neville Longbottom) into a thousand pieces. He could hear (though having no idea what Black\'s voice might sound like) a low, excited mutter. ""It has happened, My Lord...\n\n177 the Potters have made me their Secret-Keeper and then came another voice, laughing shrilly, the same laugh that Harry heard inside his head whenever the dementors drew near.... ""Harry, you -- you look terrible."" Harry hadn\'t gotten to sleep until daybreak. He had awoken to find the dormitory deserted, dressed, and gone down the spiral staircase to a common room that was completely empty except for Ron, who was eating a Peppermint Toad and massaging his stomach, and Hermione, who had spread her homework over three tables. ""Where is everyone?"" said\n\n--- Source: Harry Potter And The Prisoner Of Azkaban - CHAPTER TWENTY-ONE ---\n""Oh, no -- I don\'t like this oh, I really don\'t like this --"" Harry urged Buckbeak forward. They were gliding quietly toward the upper floors of the castle.... Harry pulled hard on the left-hand side of the rope, and Buckbeak turned. Harry was trying to count the windows flashing past -""Whoa!"" he said, pulling backward as hard as he could. Buckbeak slowed down and they found themselves at a stop, unless you counted the fact that they kept rising up and down several feet as the hippogriff beat his wings to remain airborne.\n\n350 ""He\'s there!"" Harry said, spotting Sirius as they rose up beside the window. He reached out, and as Buckbeak\'s wings fell, was able to tap sharply on the glass. Black looked up. Harry saw his jaw drop. He leapt from his chair, hurried to the window and tried to open it, but it was locked. ""Stand back!"" Hermione called to him, and she took out her wand, still gripping the back of Harry\'s robes with her left hand. ""Alohomora!"" The window sprang open. ""How -- how --?"" said Black weakly, staring at the hippogriff ""Get on -- there\'s not much time,"" said Harry, gripping Buckbeak firmly on either side of his sleek neck to hold him steady. ""You\'ve got to get out of here -the dementors are coming -- Macnair\'s gone to get them."" Black placed a hand on either side of the window frame and heaved his head and shoulders out of it. It was very lucky he was so thin. In seconds, he had managed to fling one leg over Buckbeak\'s back and pull himself onto the hippogriff behind Hermione. ""Okay, Buckbeak, up!"" said Harry, shaking the rope. ""Up to the tower -come on. The hippogriff gave one sweep of its mighty wings and they were soaring upward again, high as the top of the West Tower. Buckbeak landed with a clatter on the battlements, and Harry and Hermione slid off him at once. ""Si\n\n--- Source: Harry Potter And The Prisoner Of Azkaban - CHAPTER TEN ---\nknow Fred and George had nicked it!"" ""But what about Sirius Black?"" Hermione hissed. ""He could be using one of the passages on that map to get into the castle! The teachers have got to know!"" ""He can\'t be getting in through a passage,"" said Harry quickly. ""There are seven secret tunnels on the map, right? Fred and George reckon Filch already knows about four of them. And of the other three -- one of them\'s caved in, so no one can get through it. one of them\'s got the Whomping Willow planted over the entrance, so you can\'t get out of it. And the one I just came through -well - - it\'s really hard to see the entrance to it down in the cellar, so unless he knew it was there..."" Harry hesistated. What if Black did know the passage was there? Ron, however, cleared his throat significantly, and pointed to a notice pasted on the inside of the sweetshop door. --------BY ORDER OF -------- THE MINISTRY OF MAGIC Customers are reminded that until further notice, dementors will be patrolling the streets of Hogsmeade every night after sundown. This measure has been put in place for the safety of Hogsmeade residents and will be lifted upon the recapture of Sirius Black. It is therefore advisable that you complete your shopping well before nightfall. Merry Christmas! ""See?"" said Ron quietly. ""I\'d like to see Black try and break into Honeydukes with dementors swarming all over the village. Anyway, Hermione, the Honeydukes owners would hear a break-in, wouldn\'t they? They live over the shop!""\n\n166 ""Yes, but but --"" Hermoine seemed to be struggling to find another problem. ""Look, Harry still shouldn\'t be coming into Hogsmeade. He hasn\'t got a signed form! If anyone finds out, he\'ll be in so much trouble! And it\'s not nightfall yet -- what if Sirius Black turns up today? Now?"" ""He\'d have a job spotting Harry in this,"" said Ron, nodding through the mullioned windows at the thick, swirling snow. ""Come on, Hermione']","According to 'Harry Potter and the Prisoner of Azkaban' - CHAPTER NINETEEN, Sirius Black managed to escape from the dementors in Azkaban by transforming into a dog, which made it difficult for the dementors to detect him, as they rely on feeding off human emotions to navigate.","He escaped by transforming into his dog Animagus form and slipping through the bars, because Dementors cannot sense animal emotions properly.",,,,0.9449730060508508
"In 'Harry Potter and the Chamber of Secrets', how does the Basilisk petrify its victims instead of killing them instantly?","['[DATA FROM BOOKS (QDRANT)]\n\n--- Source: Harry Potter and the Chamber of Secrets - CHAPTER SIXTEEN ---\nis fatal to it. And beneath this, a single word had been written, in a hand Harry recognised as Hermione’s. Pipes. It was as though somebody had just flicked a light on in his brain. ‘Ron,’ he breathed, ‘this is it. This is the answer. The monster in the Chamber’s a Basilisk – a giant serpent! That’s why I’ve been hearing that voice all over the place, and nobody else has heard it. It’s because I understand Parseltongue...’ Harry looked up at the beds around him. ‘The Basilisk kills people by looking at them. But no one’s died – because no one looked it straight in the eye. Colin saw it through his camera. The Basilisk burned up all the film inside it, but Colin just got Petrified. Justin... Justin must’ve seen the Basilisk through Nearly Headless Nick! Nick got the full blast of it, but he couldn’t die again... and Hermione and that Ravenclaw Prefect were found with a mirror next to them. Hermione had just realised the monster was a Basilisk. I bet you anything she warned the first person she met to look round corners with a mirror first! And that girl pulled out her mirror – and –’ Ron’s jaw had dropped. ‘And Mrs Norris?’ he whispered eagerly. Harry thought hard, picturing the scene on the night of Hallowe’en. ‘The water...’ he said slowly, ‘the flood from Moaning Myrtle’s bathroom. I bet you Mrs Norris only saw the reflection...’\n\n216 HARRY POTTER He scanned the page in his hand eagerly. The more he looked at it, the more it made sense. ‘The Basilisk flees only from the crowing of the rooster, which is fatal to it!’ he read aloud. ‘Hagrid’s roosters were killed! The heir of Slytherin didn’t want one anywhere near the castle once the Chamber was opened! Spiders flee before the Basilisk! It all fits!’ ‘But how’s the Basilisk been getting around the place?’ said Ron. ‘A dirty great snake... Someone would’ve seen...’ Harry\n\n--- Source: Harry Potter and the Chamber of Secrets - CHAPTER SIXTEEN ---\nster, which is fatal to it!’ he read aloud. ‘Hagrid’s roosters were killed! The heir of Slytherin didn’t want one anywhere near the castle once the Chamber was opened! Spiders flee before the Basilisk! It all fits!’ ‘But how’s the Basilisk been getting around the place?’ said Ron. ‘A dirty great snake... Someone would’ve seen...’ Harry, however, pointed at the word Hermione had scribbled at the foot of the page. ‘Pipes,’ he said. ‘Pipes... Ron, it’s been using the plumbing. I’ve been hearing that voice inside the walls...’ Ron suddenly grabbed Harry’s arm. ‘The entrance to the Chamber of Secrets!’ he said hoarsely. ‘What if it’s a bathroom? What if it’s in –’ ‘– Moaning Myrtle’s bathroom,’ said Harry. They sat there, excitement coursing through them, hardly able to believe it. ‘This means,’ said Harry, ‘I can’t be the only Parselmouth in the school. The heir of Slytherin’s one, too. That’s how they’ve been controlling the Basilisk.’ ‘What’re we going to do?’ said Ron, whose eyes were flashing. ‘Shall we go straight to McGonagall?’ ‘Let’s go to the staff room,’ said Harry, jumping up. ‘She’ll be there in ten minutes, it’s nearly break.’ They ran downstairs. Not wanting to be discovered hanging around in another corridor, they went straight into the deserted staff room. It was a large, panelled room full of dark wooden chairs. Harry and Ron paced around it, too excited to sit down. But the bell to signal break never came. Instead, echoing through the corridors came Professor McGonagall’s voice, magically magnified. ‘All students to return to their house dormitories at once. All teachers return to the staff room. Immediately, please.’ Harry wheeled around to stare at Ron. ‘Not another attack? Not now?’ ‘What’ll we do?’ said Ron, aghast. ‘Go back to\n\n--- Source: Harry Potter and the Chamber of Secrets - CHAPTER EIGHTEEN ---\nCHAPTER EIGHTEEN — Dobby’s Reward For a moment, there was silence as Harry, Ron, Ginny and Lockhart stood in the doorway, covered in muck and slime and (in Harry’s case) blood. Then there was a scream. ‘Ginny!’ It was Mrs Weasley, who had been sitting crying in front of the fire. She leapt to her feet, closely followed by Mr Weasley, and both of them flung themselves on their daughter. Harry, however, was looking past them. Professor Dumbledore was standing by the mantelpiece, beaming, next to Professor McGonagall, who was taking great, steadying gasps, clutching her chest. Fawkes went whooshing past Harry’s ear and settled on Dumbledore’s shoulder, just as Harry found himself and Ron being swept into Mrs Weasley’s tight embrace. ‘You saved her! You saved her! How did you do it?’ ‘I think we’d all like to know that,’ said Professor McGonagall weakly. Mrs Weasley let go of Harry, who hesitated for a moment, then walked over to the desk and laid upon it the Sorting Hat, the ruby-encrusted sword and what remained of Riddle’s diary. Then he started telling them everything. For nearly a quarter of an hour he spoke into the rapt silence: he told them about hearing the disembodied voice, how Hermione had finally realised that he was hearing a Basilisk in the pipes; how he and Ron had followed the spiders into the Forest, that Aragog had told them where the last victim of the Basilisk had died; how he had guessed that Moaning Myrtle had been the victim, and that the entrance to the Chamber of Secrets might be in her bathroom... ‘Very well,’ Professor McGonagall prompted him, as he paused, ‘so you found out where the entrance was – breaking a hundred school rules into pieces along the way, I might add – but how on\n\n242 HARRY POTTER earth did you all get out of there alive, Potter?’ So Harry, his voice now growing hoarse from all this talking, told them about Faw\n\n--- Source: Harry Potter and the Chamber of Secrets - CHAPTER SIXTEEN ---\nat Hermione’s rigid face. ‘Because if he sneaked up on them all, no one’ll ever know...’ But Harry wasn’t looking at Hermione’s face. He was more interested in her right hand. It lay clenched on top of her blankets, and bending closer, he saw that a piece of paper was scrunched inside her fist. Making sure that Madam Pomfrey was nowhere near, he pointed this out to Ron. ‘Try and get it out,’ Ron whispered, shifting his chair so that he blocked Harry from Madam Pomfrey’s view. It was no easy task. Hermione’s hand was clamped so tightly around the paper that Harry was sure he was going to tear it. While Ron kept watch he tugged and twisted, and at last, after several tense minutes, the paper came free.\n\nTHE CHAMBER OF SECRETS 215 It was a page torn from a very old library book. Harry smoothed it out eagerly and Ron leaned close to read it too. Of the many fearsome beasts and monsters that roam our land, there is none more curious or more deadly than the Basilisk, known also as the King of Serpents. This snake, which may reach gigantic size, and live many hundreds of years, is born from a chicken’s egg, hatched beneath a toad. Its methods of killing are most wondrous, for aside from its deadly and venomous fangs, the Basilisk has a murderous stare, and all who are fixed with the beam of its eye shall suffer instant death. Spiders flee before the Basilisk, for it is their mortal enemy, and the Basilisk flees only from the crowing of the rooster, which is fatal to it. And beneath this, a single word had been written, in a hand Harry recognised as Hermione’s. Pipes. It was as though somebody had just flicked a light on in his brain. ‘Ron,’ he breathed, ‘this is it. This is the answer. The monster in the Chamber’s a Basilisk – a giant serpent! That’s why I’ve been hearing that voice all over the place\n\n--- Source: Harry Potter and the Chamber of Secrets - CHAPTER SEVENTEEN ---\n, he felt a searing pain just above his elbow. One long, poisonous fang was sinking deeper and deeper into his arm and it splintered as the Basilisk keeled over sideways and fell, twitching, to the floor. Harry slid down the wall. He gripped the fang that was spreading poison through his body and wrenched it out of his arm. But he knew it was too late. White-hot pain was spreading slowly and steadily from the wound. Even as he dropped the fang and watched his own blood soaking his robes, his vision went foggy. The Chamber was dissolving in a whirl of dull colour. A patch of scarlet swam past and Harry heard a soft clatter of claws beside him. ‘Fawkes,’ said Harry thickly. ‘You were brilliant, Fawkes...’ He felt the bird lay its beautiful head on the spot where the serpent’s fang had pierced him. He could hear echoing footsteps and then a dark shadow moved in front of him. ‘You’re dead, Harry Potter,’ said Riddle’s voice above him. ‘Dead. Even Dumbledore’s bird knows it. Do you see what he’s doing, Potter? He’s crying.’ Harry blinked. Fawkes’s head slid in and out of focus. Thick, pearly tears were trickling down the glossy feathers. ‘I’m going to sit here and watch you die, Harry Potter. Take your time. I’m in no hurry.’ Harry felt drowsy. Everything around him seemed to be spinning. ‘So ends the famous Harry Potter,’ said Riddle’s distant voice. ‘Alone in the Chamber of Secrets, forsaken by his friends, defeated at last by the Dark Lord he so unwisely challenged. You’ll be back with your dear Mudblood mother soon, Harry... She bought you twelve years of borrowed time... but Lord Voldemort got you in the end, as you knew he must.’ If this is dying, thought Harry, it’s not so bad. Even the pain was leaving him... But was this dying? Instead of going black, the Chamber seemed\n\n--- Source: Harry Potter and the Chamber of Secrets - CHAPTER SEVENTEEN ---\nswept the Sorting Hat into Harry’s arms. Harry seized it. It was all he had left, his only chance. He rammed it onto his head and threw himself flat onto the floor as the Basilisk’s tail swung over him again. ‘Help me... help me...’ Harry thought, his eyes screwed tight under the Hat. ‘Please help me!’ There was no answering voice. Instead, the Hat contracted, as though an invisible hand was squeezing it very tightly. Something very hard and heavy thudded onto the top of Harry’s head, almost knocking him out. Stars winking in front of his eyes, he grabbed the top of the Hat to pull it off and felt something long and hard beneath it. A gleaming silver sword had appeared inside the Hat, its handle glittering with rubies the size of eggs. ‘Kill the boy! Leave the bird! The boy is behind you! Sniff – smell him!’ Harry was on his feet, ready. The Basilisk’s head was falling, its body coiling around, hitting pillars as it twisted to face him. He could see the vast, bloody eye sockets, see the mouth stretching wide, wide enough to swallow him whole, lined with fangs long as his sword, thin, glittering, venomous... It lunged blindly. Harry dodged and it hit the Chamber wall. It lunged again, and its forked tongue lashed Harry’s side. He raised the sword in both his hands.\n\n236 HARRY POTTER The Basilisk lunged again, and this time its aim was true. Harry threw his whole weight behind the sword and drove it to the hilt into the roof of the serpent’s mouth. But as warm blood drenched Harry’s arms, he felt a searing pain just above his elbow. One long, poisonous fang was sinking deeper and deeper into his arm and it splintered as the Basilisk keeled over sideways and fell, twitching, to the floor. Harry slid down the wall. He gripped the fang that was spreading poison through his body and wrenched it out of his arm. But he knew it was too late. White-hot pain\n\n--- Source: Harry Potter and the Chamber of Secrets - CHAPTER SEVENTEEN ---\n. There’s a Basilisk... I don’t know where it is, but it could be along any moment. Please, help me...’ Riddle didn’t move. Harry, sweating, managed to hoist Ginny half off the floor, and bent to pick up his wand again. But his wand had gone. ‘Did you see –?’ He looked up. Riddle was still watching him – twirling Harry’s wand between his long fingers. ‘Thanks,’ said Harry, stretching out his hand for it. A smile curled the corners of Riddle’s mouth. He continued to stare at Harry, twirling the wand idly. ‘Listen,’ said Harry urgently, his knees sagging with Ginny’s dead weight, ‘we’ve got to go! If the Basilisk comes...’ ‘It won’t come until it is called,’ said Riddle calmly. Harry lowered Ginny back onto the floor, unable to hold her up any longer. ‘What d’you mean?’ he said. ‘Look, give me my wand, I might need it.’\n\n228 HARRY POTTER Riddle’s smile broadened. ‘You won’t be needing it,’ he said. Harry stared at him. ‘What d’you mean, I won’t be –?’ ‘I’ve waited a long time for this, Harry Potter,’ said Riddle. ‘For the chance to see you. To speak to you.’ ‘Look,’ said Harry, losing patience, ‘I don’t think you get it. We’re in the Chamber of Secrets. We can talk later.’ ‘We’re going to talk now,’ said Riddle, still smiling broadly, and he pocketed Harry’s wand. Harry stared at him. There was something very funny going on here. ‘How did Ginny get like this?’ he asked slowly. ‘Well, that’s an interesting question,’ said Riddle pleasantly. ‘And quite a long story. I suppose the real reason Ginny Weasley’s like this is because she opened her heart and spilled all her secrets to an invisible stranger.’ ‘What are you talking about?’ said Harry. ‘The diary,’ said Rid\n\n--- Source: Harry Potter and the Chamber of Secrets - CHAPTER SEVENTEEN ---\nit straight into the heart of the book. There was a long, dreadful, piercing scream. Ink spurted out of the diary in torrents, streaming over Harry’s hands, flooding the floor. Riddle was writhing and twisting, screaming and flailing and then... He had gone. Harry’s wand fell to the floor with a clatter and there was silence. Silence except for the steady drip drip of ink still oozing from the diary. The Basilisk venom had burned a sizzling hole right through it. Shaking all over, Harry pulled himself up. His head was spinning as though he’d just travelled miles by Floo powder. Slowly, he gathered together his wand and the Sorting Hat, and, with a huge tug, retrieved the glittering sword from the roof of the Basilisk’s mouth. Then came a faint moan from the end of the Chamber. Ginny was stirring. As Harry hurried towards her, she sat up. Her bemused eyes travelled from the huge form of the dead Basilisk, over Harry, in his blood-soaked robes, then to the diary in his hand. She drew a great, shuddering gasp and tears began to pour down her face. ‘Harry – oh, Harry – I tried to tell you at b-breakfast, but I c-couldn’t say it in front of Percy. It was me, Harry – but I – I\n\n238 HARRY POTTER s-swear I d-didn’t mean to – R-Riddle made me, he t-took me over – and – how did you kill that – that thing? W-where’s Riddle? The last thing I r-remember is him coming out of the diary –’ ‘It’s all right,’ said Harry, holding up the diary, and showing Ginny the fang hole, ‘Riddle’s finished. Look! Him and the Basilisk. C’mon, Ginny, let’s get out of here –’ ‘I’m going to be expelled!’ Ginny wept, as Harry helped her awkwardly to her feet. ‘I’ve looked forward to coming to Hogwarts ever since B\n\n--- Source: Harry Potter and the Chamber of Secrets - CHAPTER SEVENTEEN ---\nall right,’ said Harry, holding up the diary, and showing Ginny the fang hole, ‘Riddle’s finished. Look! Him and the Basilisk. C’mon, Ginny, let’s get out of here –’ ‘I’m going to be expelled!’ Ginny wept, as Harry helped her awkwardly to her feet. ‘I’ve looked forward to coming to Hogwarts ever since B-Bill came and n-now I’ll have to leave and – w-what’ll Mum and Dad say?’ Fawkes was waiting for them, hovering in the Chamber entrance. Harry urged Ginny forward; they stepped over the motionless coils of the dead Basilisk, through the echoing gloom and back into the tunnel. Harry heard the stone doors close behind them with a soft hiss. After a few minutes’ progress up the dark tunnel, a distant sound of slowly shifting rock reached Harry’s ears. ‘Ron!’ Harry yelled, speeding up. ‘Ginny’s OK! I’ve got her!’ He heard Ron give a strangled cheer and they turned the next bend to see his eager face staring through the sizeable gap he had managed to make in the rock fall. ‘Ginny!’ Ron thrust an arm through the gap in the rock to pull her through first. ‘You’re alive! I don’t believe it! What happened?’ He tried to hug her but Ginny held him off, sobbing. ‘But you’re okay, Ginny,’ said Ron, beaming at her. ‘It’s over now, it’s – where did that bird come from?’ Fawkes had swooped through the gap after Ginny. ‘He’s Dumbledore’s,’ said Harry, squeezing through himself. ‘And how come you’ve got a sword?’ said Ron, gaping at the glittering weapon in Harry’s hand. ‘I’ll explain when we get out of here,’ said Harry, with a sideways glance at Ginny. ‘But –’ ‘Later,’ Harry said quickly. He didn’t think it was a good idea to tell Ron yet who’d been opening the Chamber, not in front\n\n--- Source: Harry Potter and the Chamber of Secrets - CHAPTER THIRTEEN ---\ngwarts if the attacks don’t stop.’ ‘What d’yeh –’ ‘I don’t think you meant to kill anyone. But monsters don’t make good pets. I suppose you just let it out for exercise and –’ ‘It never killed no one!’ said the large boy, backing against the closed door. From behind him, Harry could hear a funny rustling and clicking. ‘Come on, Rubeus,’ said Riddle, moving yet closer. ‘The dead girl’s parents will be here tomorrow. The least Hogwarts can do is make sure that the thing that killed their daughter is slaughtered...’ ‘It wasn’ him!’ roared the boy, his voice echoing in the dark passage. ‘He wouldn’! He never!’ ‘Stand aside,’ said Riddle, drawing out his wand. His spell lit the corridor with a sudden flaming light. The door behind the large boy flew open with such force it knocked him into the wall opposite. And out of it came something that made Harry let out a long, piercing scream no one but he seemed to hear. A vast, low-slung, hairy body and a tangle of black legs; a gleam of many eyes and a pair of razor-sharp pincers – Riddle raised his wand again, but he was too late. The thing bowled him over as it scuttled away, tearing up the corridor and out of sight. Riddle scrambled to his feet, looking after it; he raised his wand, but the huge boy leapt on him, seized his wand and threw him back down, yelling, ‘NOOOOOOO!’ The scene whirled, the darkness became complete, Harry felt himself falling and, with a crash, he landed spread-eagled on his four-poster in the Gryffindor dormitory, Riddle’s diary lying open on his stomach. Before he had had time to regain his breath, the dormitory door opened and Ron came in. ‘There you are,’ he said. Harry sat up. He was sweating and shaking. ‘What’s up?’ said Ron, looking at him with concern. ‘It was Hagrid, Ron. Hagrid opened the Chamber of Secrets']","According to Harry Potter and the Chamber of Secrets - CHAPTER SIXTEEN, the Basilisk petrifies its victims instead of killing them instantly when they do not look directly into its eyes. For example, Colin saw the Basilisk through his camera, Justin saw it through Nearly Headless Nick, and Hermione and the Ravenclaw Prefect were found with a mirror next to them, indicating they saw the Basilisk's reflection rather than looking directly at it. In these cases, the indirect gaze of the Basilisk's stare resulted in petrification rather than instant death.","The Basilisk petrifies victims when they see its reflection or view it through a medium (like water, a mirror, a camera, or a ghost), rather than looking directly into its eyes.",,,,0.7524994799099066
"In 'Harry Potter and the Prisoner of Azkaban', how did Hermione manage to attend multiple classes occurring at the exact same time?","['[DATA FROM BOOKS (QDRANT)]\n\n--- Source: Harry Potter And The Prisoner Of Azkaban - CHAPTER SIX ---\nCHAPTER SIX TALONS AND TEA LEAVES When Harry, Ron, and Hermione entered the Great Hall for breakfast the next day, the first thing they saw was Draco Malfoy, who seemed to be entertaining a large group of Slytherins with a very funny story. As they passed, Malfoy did a ridiculous impression of a swooning fit and there was a roar of laughter. ""Ignore him,"" said Hermione, who was right behind Harry. ""Just ignore him, it\'s not worth it...."" ""Hey, Potter!"" shrieked Pansy Parkinson, a Slytherin girl with a face\n\n78 like a pug. ""Potter! The dementors are coming, Potter! Woooooooooo!"" Harry dropped into a seat at the Gryffindor table, next to George Weasley. ""New third-year course schedules,"" said George, passing then, over. ""What\'s up with you, Harry?"" ""Malfoy,"" said Ron, sitting down on George\'s other side and glaring over at the Slytherin table. George looked up in time to see Malfoy pretending to faint with terror again. ""That little git,"" he said calmly. ""He wasn\'t so cocky last night when the dementors were down at our end of the train. Came runing into our compartment, didn\'t he, Fred?"" ""Nearly wet himself,"" said Fred, with a contemptuous glance at Malfoy. ""I wasn\'t too happy myself,"" said George. ""They\'re horrible things, those dementors...."" ""Sort of freeze your insides, don\'t they?"" said Fred. ""You didn\'t pass out, though, did you?"" said Harry in a low voice. ""Forget it, Harry,"" said George bracingly. ""Dad had to go out to Azkaban one time, remember, Fred? And he said it was the worst place he\'d ever been, he came back all weak and shaking.... They suck the happiness out of a place, dementors. Most of the prisoners go mad in there."" ""Anyway, we\'ll see how happy Malfoy looks after our first Quidditch match,"" said\n\n--- Source: Harry Potter And The Prisoner Of Azkaban - CHAPTER SIX ---\nly, ""fair fortune be yours. Oh, and dear"" -- she pointed at Neville -- ""you\'ll be late next time, so mind you work extra-hard to catch up."" Harry, Ron, and Hermione descended Professor Trelawney\'s ladder and the winding stair in silence, then set off for Professor McGonagall\'s Transfiguration lesson. It took them so long to find her classroom that, early as they had left Divination, they were only just in time. Harry chose a seat right at the back of the room, feeling as though he were sitting in a very bright spotlight; the rest of the class kept shooting furtive glances at him, as though he were about to drop dead at any moment. He hardly heard what Professor McGonagall was telling them about Animagi (wizards who could transform at will into animals), and wasn\'t even watching when she transformed herself in front of their eyes into a tabby cat with spectacle markings around her eyes. ""Really, what has got into you all today?"" said Professor McGonagall, turning back into herself with a faint pop, and staring around at them all. ""Not that it matters, but that\'s the first time my transformation\'s not got applause from a class.""\n\n87 Everybody\'s heads turned toward Harry again, but nobody spoke. Then Hermione raised her hand. ""Please, Professor, we\'ve just had our first Divination class, and we were reading the tea leaves, and --"" ""Ah, of course,"" said Professor McGonagall, suddenly frowning. ""There is no need to say any more, Miss Granger. Tell me, which of you will be dying this year?"" Everyone stared at her. ""Me,"" said Harry, finally. ""I see,"" said Professor McGonagall, fixing Harry with her beady eyes. ""Then you should know, Potter, that Sibyll Trelawney has predicted the death of one student a year since she arrived at this school. None of them has died yet. Seeing death omens is her favorite way of greeting a new class. If it were not for the fact that I never speak ill of my colleagues --"" Professor McGonagall broke off, and they saw that her nostrils had gone white. She went\n\n--- Source: Harry Potter And The Prisoner Of Azkaban - CHAPTER TWELVE ---\nabout yesterday\'s lesson, but Hermione can\'t \'ve been there, because she was with us in Care of Magical Creatures! And Ernie McMillan told me she\'s never missed a Muggle Studies class, but half of them are at the same time as Divination, and she\'s never missed one of them either!"" Harry didn\'t have time to fathom the mystery of Hermione\'s impossible schedule at the moment; he really needed to get on with Snape\'s essay. Two seconds later, however, he was interrupted again, this time by Wood. ""Bad news, Harry. I\'ve just been to see Professor McGonagall about the Firebolt. She -- er -- got a bit shirty with me. Told m\' I\'d got my priorities wrong. Seemed to think I cared more about winning the Cup than I do about you staying alive. Just because I told her I didn\'t care if it threw you off, as long as you caught the Snitch first."" Wood shook his head in disbelief. ""Honestly, the way she was yelling at me... you\'d think I\'d said something terrible... then I asked her how much longer she was going to keep it. He screwed up his face and imitated Professor McGonagall\'s severe voice. \'As long as necessary, Wood\'... I reckon it\'s time you ordered a new broom, Harry. There\'s an order form at the back of Which Broomstick... you could get a Nimbus Two Thousand and One, like Malfoy\'s got."" ""I\'m not buying anything Malfoy thinks is good,"" said Harry flatly. January faded imperceptibly into February, with no change in the bitterly cold weather. The match against Ravenclaw was drawing nearer and nearer, but Harry still hadn\'t ordered a new broom. He was now asking Professor McGonagall for news of the Firebolt after every Transfiguration lesson, Ron standing hopefully at his shoulder, Hermione rushing past with her face averted. ""No, Potter, you can\'t have it back yet,"" Professor McGonagall told him the twelfth time this happened, before he\'d even opened his mouth. ""We\'ve checked\n\n--- Source: Harry Potter And The Prisoner Of Azkaban - CHAPTER TWENTY-TWO ---\nione\'s wrist. ""In here!"" They tore into a deserted classroom to their left just in time. Peeves seemed to be bouncing along the corridor in boisterous good spirits, laughing his head off. ""Oh, he\'s horrible,"" whispered Hermione, her ear to the door. ""I bet he\'s all excited because the dementors are going to finish off Sirius...."" She checked her watch. ""Three minutes, Harry!"" They waited until Peeves\'s gloating voice had faded into the distance, then slid back out of the room and broke into a run again. ""Hermione -- what\'ll happen -- if we don\'t get back inside before Dumbledore locks the door?"" Harry panted. I don\'t want to think about it!"" Hermione moaned, checking her watch again. ""One minute!"" They had reached the end of the corridor with the hospital wing entrance. ""Okay -- I can hear Dumbledore,"" said Hermione tensely. ""Come on, Harry!"" They crept along the corridor. The door opened. Dumbledore\'s back appeared. ""I am going to lock you in,"" they heard him saying. ""it is five minutes\n\n353 to midnight. Miss Granger, three turns should do It. Good luck."" Dumbledore backed out of the room, closed the door, and took out his wand to magically lock it. Panicking, Harry and Hermione ran forward. Dumbledore looked up, and a wide smile appeared under the long silver mustache. ""Well?"" he said quietly. ""We did it!"" said Harry breathlessly. ""Sirius has gone, on Buckbeak...."" Dumbledore beamed at them. ""Well done. I think --"" He listened intently for any sound within the hospital wing. ""Yes, I think you\'ve gone too -- get inside -- I\'ll lock you in --"" Harry and Hermione slipped back inside the dormitory. It was empty except for Ron, who was still lying motionless in the end bed. As the lock clicked behind them, Harry and Hermione crept back to their own beds, Hermione tucking the Time-Tur\n\n--- Source: Harry Potter And The Prisoner Of Azkaban - CHAPTER TWENTY-TWO ---\n"" He listened intently for any sound within the hospital wing. ""Yes, I think you\'ve gone too -- get inside -- I\'ll lock you in --"" Harry and Hermione slipped back inside the dormitory. It was empty except for Ron, who was still lying motionless in the end bed. As the lock clicked behind them, Harry and Hermione crept back to their own beds, Hermione tucking the Time-Turner back under her robes. A moment later, Madam Pomfrey came striding back out of her office. ""Did I hear the headmaster leaving? Am I allowed to look after my patients now?"" She was in a very bad mood. Harry and Hermione thought it best to accept their chocolate quietly. Madam Pomfrey stood over them, making sure they ate it. But Harry could hardly swallow. He and Hermione were waiting, listening, their nerves jangling.... And then, as they both took a fourth piece of chocolate from Madam Pomfrey, they heard a distant roar of fury echoing from somewhere above them.... ""What was that?"" said Madam Pomfrey in alarm. Now they could hear angry voices, growing louder and louder. Madam Pomfrey was staring at the door. ""Really -- they\'ll wake everybody up! What do they think they\'re doing?"" Harry was trying to hear what the voices were saying. They were drawing nearer -\n\n354 ""He must have Disapparated, Severus. We should have left somebody in the room with him. When this gets out --"" ""HE DIDN\'T DISAPPARATE!"" Snape roared, now very close at hand. ""YOU CAN\'T APPARATE OR DISAPPARATE INSIDE THIS CASTLE! THIS -- HAS -SOMETHING -- TO -- DO -- WITH -- POTTER!"" ""Severus -- be reasonable -- Harry has been locked up --"" BAM. The door of the hospital wing burst open. Fudge, Snape, and Dumbledore came striding into the ward. Dumbledore alone looked calm. Indeed, he looked as though he was quite enjoying himself. Fudge appeared angry. But Snape was beside himself. ""OUT WI\n\n--- Source: Harry Potter And The Prisoner Of Azkaban - CHAPTER TWENTY-ONE ---\ndesperately anxious, but Harry wanted a few questions answered. ""Where did you get that hourglass thing?"" ""It\'s called a Time-Turner,"" Hermione whispered, ""and I got it from Professor McGonagall on our first day back. I\'ve been using it all year to get to all my lessons. Professor McGonagall made me swear I wouldn\'t tell anyone. She had to write all sorts of letters to the Ministry of\n\n333 Magic so I could have one. She had to tell them that I was a model student, and that I\'d never, ever use it for anything except my studies.... I\'ve been turning it back so I could do hours over again, that\'s how I\'ve been doing several lessons at once, see? But... ""Harry, I don\'t understand what Dumbledore wants us to do. Why did he tell us to go back three hours? How\'s that going to help Sirius?"" Harry stared at her shadowy face. ""There must be something that happened around now he wants us to change,"" he said slowly. ""What happened? We were walking down to Hagrid\'s three hours ago...."" ""This is three hours ago, and we are walking down to Hagrid\'s,"" said Hermione. ""We just heard ourselves leaving...."" Harry frowned; he felt as though he were screwing up his whole brain in concentration. ""Dumbledore just said -- just said we could save more than one innocent life...."" And then it hit him. ""Hermione, we\'re going to save Buckbeak!"" ""But -- how will that help Sirius?"" ""Dumbledore said -- he just told us where the window is -- the window of Flitwick\'s office! Where they\'ve got Sirius locked up! We\'ve got to fly Buckbeak up to the window and rescue Sirius! Sirius can escape on Buckbeak -- they can escape together!"" From what Harry could see of Hermione\'s face, she looked terrified. ""If we manage that without being seen, it\'ll be a miracle!"" ""Well, we\'ve got to try, haven\'t we?"" said Harry. He stood up and pressed his ear against the door. ""Doesn\'t sound like anyone\'s there\n\n--- Source: Harry Potter and the Chamber of Secrets - CHAPTER SIX ---\nover her shoulder. Harry, Ron and Hermione were joined at their tray by a curlyhaired Hufflepuff boy Harry knew by sight, but had never spoken to. ‘Justin Finch-Fletchley,’ he said brightly, shaking Harry by the hand. ‘Know who you are, of course, the famous Harry Potter... and you’re Hermione Granger – always top in everything...’ (Hermione beamed as she had her hand shaken, too) ‘and Ron Weasley. Wasn’t that your flying car?’ Ron didn’t smile. The Howler was obviously still on his mind. ‘That Lockhart’s something, isn’t he?’ said Justin happily, as they began filling their plant pots with dragon-dung compost. ‘Awfully brave chap. Have you read his books? I’d have died of fear if I’d been cornered in a telephone box by a werewolf, but he stayed cool and – zap – just fantastic. ‘My name was down for Eton, you know, I can’t tell you how glad I am I came here instead. Of course, mother was slightly disappointed, but since I made her read Lockhart’s books I think she’s begun to see how useful it’ll be to have a fully trained wizard in the family...’\n\n74 HARRY POTTER After that they didn’t have much chance to talk. Their earmuffs were back on and they needed to concentrate on the Mandrakes. Professor Sprout had made it look extremely easy, but it wasn’t. The Mandrakes didn’t like coming out of the earth, but didn’t seem to want to go back into it either. They squirmed, kicked, flailed their sharp little fists and gnashed their teeth; Harry spent ten whole minutes trying to squash a particularly fat one into a pot. By the end of the class, Harry, like everyone else, was sweaty, aching and covered in earth. They traipsed back to the castle for a quick wash and then the Gryffindors hurried off to Transfiguration. Professor McGonagall’s classes were always hard work, but today was especially difficult. Everything Harry had learned last year seemed to have le\n\n--- Source: Harry Potter And The Prisoner Of Azkaban - CHAPTER TEN ---\nthe Order of Merlin, First Class, which I think was some comfort to his poor mother. Blades been in Azkaban ever since."" Madam Rosmerta let out a long sigh. ""Is it true he\'s mad, Minister?"" ""I wish I could say that he was,"" said Fudge slowly. ""I certainly believe his master\'s defeat unhinged him for a while. The murder of Pettigrew and all those Muggles was the action of a cornered and desperate man -- cruel... pointless. Yet I met Black on my last inspection of Azkaban. You know, most of the prisoners in there sit muttering to themselves in the dark; there\'s no sense in them... but I was shocked at how normal Black seemed. He spoke quite rationally to me. It was unnerving. You\'d have thought he was merely bored -- asked if I\'d finished with my newspaper, cool as you please, said he missed doing the crossword. Yes, I was astounded at how little effect the dementors seemed to be having on him -- and he was one of the most heavily guarded in the place, you know. Dementors outside his door day and night."" ""But what do you think he\'s broken out to do?"" said Madam Rosmerta. ""Good gracious, Minister, he isn\'t trying to rejoin You-Know-Who, is he?"" I daresay that is his -- er -- eventual plan,"" said Fudge evasively. ""But we hope to catch Black long before that. I must say, You-Know-Who alone and friendless is one thing... but give him back his most devoted servant, and I shudder to think how quickly he\'ll rise again....""\n\n175 There was a small chink of glass on wood. Someone had set down their glass. ""You know, Cornelius, if you\'re dining with the headmaster, he\'d better head back up to the castle,"" said Professor McGonagall. One by one, the pairs of feet in front of Harry took the weight of their owners once more; hems of cloaks swung into sight, and Madam Rosemerta\'s glittering heels disappeared behind the bar. The door of the Three Broomsticks opened again\n\n--- Source: Harry Potter And The Prisoner Of Azkaban - CHAPTER TWENTY-ONE ---\nand everything came into focus again -He was standing next to Hermione in the deserted entrance hall and a stream of golden sunlight was falling across the paved floor from the open front doors. He looked wildly around at Hermione, the chain of the hourglass cutting into his neck. ""Hermione, what --?"" ""In here!"" Hermione seized Harry\'s arm and dragged him across the hall\n\n332 to the door of a broom closet; she opened it, pushed him inside among the buckets and mops, then slammed the door behind them. ""What -- how -- Hermione, what happened?"" ""We\'ve gone back in time,"" Hermione whispered, lifting the chain off Harry\'s neck in the darkness. ""Three hours back..."" Harry found his own leg and gave it a very hard pinch. It hurt a lot, which seemed to rule out the possibility that he was having a very bizarre dream. ""But --"" ""Shh! Listen! Someone\'s coming! I think -- I think it might be us!"" Hermione had her ear pressed against the cupboard door. ""Footsteps across the hall... yes, I think it\'s us going down to Hagrid\'s!"" ""Are you telling me,"" Harry whispered, ""that we\'re here in this cupboard and we\'re out there too?"" ""Yes,"" said Hermione, her ear still glued to the cupboard door. ""I\'m sure it\'s us. It doesn\'t sound like more than three people... and we\'re walking slowly because we\'re under the Invisibility Cloak -- "" She broke off, still listening intently. ""We\'ve gone down the front steps...."" Hermione sat down on an upturned bucket, looking desperately anxious, but Harry wanted a few questions answered. ""Where did you get that hourglass thing?"" ""It\'s called a Time-Turner,"" Hermione whispered, ""and I got it from Professor McGonagall on our first day back. I\'ve been using it all year to get to all my lessons. Professor McGonagall made me swear I wouldn\'t tell anyone. She had to write all sorts of letters\n\n--- Source: Harry Potter And The Prisoner Of Azkaban - CHAPTER FIFTEEN ---\npast. ""Would anyone like me to help them interpret the shadowy portents within their Orb?"" she murmured over the clinking of her bangles. I don\'t need help,"" Ron whispered. ""It\'s obvious what this means. There\'s going to be loads of fog tonight."" Both Harry and Hermione burst out laughing. ""Now, really!"" said Professor Trelawney as everyone\'s heads turned in their direction. Parvati and Lavender were looking scandalized. ""You are disturbing the clairvoyant vibrations!"" She approached their table and peered into their crystal ball. Harry felt his heart sinking. He was sure he knew what was coming -""There is something here!"" Professor Trelawney whispered, lowerng her\n\n250 face to the ball, so that it was reflected twice in her huge glasses. ""Something moving... but what is it?"" Harry was prepared to bet everything he owned, Including his Firebolt, that it wasn\'t good news, whatever it was. And sure enough -""My dear Professor Trelawney breathed, gazing up at Harry. ""It is here, plainer than ever before... my dear, stalking toward you, growing ever closer... the Gr --"" ""Oh, for goodness\' sake!"" said Hermione loudly. ""Not that ridiculous Grim again!"" Professor Trelawney raised her enormous eyes to Hermione\'s face. Parvati whispered something to Lavender, and they both glared at Hermione too. Professor Trelawney stood up, surveying Hermione with unmistakable anger. ""I am sorry to say that from the moment you have arrived in this class my dear, it has been apparent that you do not have what the noble art of Divination requires. Indeed, I don\'t remember ever meeting a student whose mind was so hopelessly mundane."" There was a moment\'s silence. Then -""Fine!"" said Hermione suddenly, getting up and cramming Unfogging the Future back into her bag. ""Fine!"" she repeated, swinging the bag over her shoulder and almost knocking Ron off his chair. ""I give up! I\'m leaving!"" And to the whole class\'s amazement, Hermione']","According to Harry Potter And The Prisoner Of Azkaban - CHAPTER TWENTY-ONE, Hermione managed to attend multiple classes occurring at the exact same time by using a Time-Turner, which allowed her to turn back time and attend classes that occurred simultaneously.","She used a Time-Turner, a magical device given to her by Professor McGonagall.",,,,
"In 'Harry Potter and the Chamber of Secrets', why was Rubeus Hagrid expelled from Hogwarts fifty years ago?","['[DATA FROM BOOKS (QDRANT)]\n\n--- Source: Harry Potter and the Chamber of Secrets - CHAPTER FOURTEEN ---\nhis eyes. Hermione had been urging him to report the robbery, but Harry didn’t like the idea. He’d have to tell a teacher all about the diary and how many people knew why Hagrid had been expelled fifty years ago? He didn’t want to be the one who brought it all up again. As he left the Great Hall with Ron and Hermione to go and collect his Quidditch things, another, very serious worry was added to Harry’s growing list. He had just set foot on the marble staircase when he heard it yet again: ‘Kill this time... let me rip... tear...’ He shouted aloud and Ron and Hermione both jumped away\n\nCORNELIUS FUDGE 189 from him in alarm. ‘The voice!’ said Harry, looking over his shoulder. ‘I just heard it again – didn’t you?’ Ron shook his head, wide-eyed. Hermione, however, clapped a hand to her forehead. ‘Harry – I think I’ve just understood something! I’ve got to go to the library!’ And she sprinted away, up the stairs. ‘What does she understand?’ said Harry distractedly, still looking around, trying to tell where the voice had come from. ‘Loads more than I do,’ said Ron, shaking his head. ‘But why’s she got to go to the library?’ ‘Because that’s what Hermione does,’ said Ron, shrugging. ‘When in doubt, go to the library.’ Harry stood, irresolute, trying to catch the voice again, but people were now emerging from the Great Hall behind him, talking loudly, exiting through the front doors on their way to the Quidditch pitch. ‘You’d better get moving,’ said Ron. ‘It’s nearly eleven – the match.’ Harry raced up to Gryffindor Tower, collected his Nimbus Two Thousand and joined the large crowd swarming across the grounds, but his mind was still in the castle, along with the bodiless voice, and as he pulled on his scarlet robes in the changing room, his only comfort was that everyone was now outside to watch the game. The teams walked onto\n\n--- Source: Harry Potter and the Chamber of Secrets - CHAPTER THIRTEEN ---\nhis four-poster in the Gryffindor dormitory, Riddle’s diary lying open on his stomach. Before he had had time to regain his breath, the dormitory door opened and Ron came in. ‘There you are,’ he said. Harry sat up. He was sweating and shaking. ‘What’s up?’ said Ron, looking at him with concern. ‘It was Hagrid, Ron. Hagrid opened the Chamber of Secrets fifty years ago.’\n\n—\n\n--- Source: Harry Potter and the Chamber of Secrets - CHAPTER SEVENTEEN ---\ngrid couldn’t possibly be the heir of Slytherin. It had taken me five whole years to find out everything I could about the Chamber of Secrets and discover the secret entrance... as though Hagrid had the brains, or the power! ‘Only the Transfiguration teacher, Dumbledore, seemed to think Hagrid was innocent. He persuaded Dippet to keep Hagrid and train him as gamekeeper. Yes, I think Dumbledore might have guessed. Dumbledore never seemed to like me as much as the other teachers did...’ ‘I bet Dumbledore saw right through you,’ said Harry, his teeth gritted. ‘Well, he certainly kept an annoyingly close watch on me after Hagrid was expelled,’ said Riddle carelessly. ‘I knew it wouldn’t be safe to open the Chamber again while I was still at school. But I wasn’t going to waste those long years I’d spent searching for it. I decided to leave behind a diary, preserving my sixteen-year-old self in its pages, so that one day, with luck, I would be able to lead another in my footsteps, and finish Salazar Slytherin’s noble work.’ ‘Well, you haven’t finished it,’ said Harry triumphantly. ‘No one’s died this time, not even the cat. In a few hours the Mandrake Draught will be ready and everyone who was Petrified will be all right again.’ ‘Haven’t I already told you,’ said Riddle quietly, ‘that killing Mudbloods doesn’t matter to me any more? For many months now, my new target has been – you.’ Harry stared at him. ‘Imagine how angry I was when the next time my diary was opened, it was Ginny who was writing to me, not you. She saw you with the diary, you see, and panicked. What if you found out how to work it, and I repeated all her secrets to you? What if, even worse, I told you who’d been strangling roosters? So the foolish little brat waited until your dormitory was deserted and stole it back. But I knew what I must do. It was clear to me that\n\n--- Source: Harry Potter and the Chamber of Secrets - CHAPTER SEVEN ---\nlooked over his shoulder to check that they were alone. ‘Well, I’ve bin givin’ them – you know – a bit o’ help.’ Harry noticed Hagrid’s flowery pink umbrella leaning against the back wall of the cabin. Harry had had reason to believe before now that this umbrella was not all it looked; in fact, he had the strong impression that Hagrid’s old school wand was concealed inside it. Hagrid wasn’t supposed to use magic. He had been expelled from Hogwarts in his third year, but Harry had never found out why – any mention of the matter and Hagrid would clear his throat loudly and become mysteriously deaf until the subject was changed. ‘An Engorgement Charm, I suppose?’ said Hermione, halfway between disapproval and amusement. ‘Well, you’ve done a good job on them.’ ‘That’s what yer little sister said,’ said Hagrid, nodding at Ron. ‘Met her jus’ yesterday.’ Hagrid looked sideways at Harry, his beard twitching. ‘Said she was jus’ lookin’ round the grounds, but I reckon she was hopin’ she might run inter someone else at my house.’ He winked at Harry. ‘If yeh ask me, she wouldn’ say no ter a signed –’\n\nMUDBLOODS AND MURMURS 91 ‘Oh, shut up,’ said Harry. Ron snorted with laughter and the ground was sprayed with slugs. ‘Watch it!’ Hagrid roared, pulling Ron away from his precious pumpkins. It was nearly lunchtime and as Harry had only had one bit of treacle toffee since dawn, he was keen to go back to school to eat. They said goodbye to Hagrid and walked back up to the castle, Ron hiccoughing occasionally, but only bringing up two, very small slugs. They had barely set foot in the cool Entrance Hall when a voice rang out. ‘There you are, Potter, Weasley.’ Professor McGonagall was walking towards them, looking stern. ‘You will both do your detentions this evening.’ ‘What are we doing, Professor?’ said Ron, nervously suppressing\n\n--- Source: Harry Potter and the Chamber of Secrets - CHAPTER FIFTEEN ---\nwe’ve come.’ ‘In trouble?’ said the aged spider, and Harry thought he heard concern beneath the clicking pincers. ‘But why has he sent you?’ Harry thought of getting to his feet, but decided against it; he didn’t think his legs would support him. So he spoke from the ground, as calmly as he could. ‘They think, up at the school, that Hagrid’s been setting a – a – something on students. They’ve taken him to Azkaban.’ Aragog clicked his pincers furiously, and all around the hollow the sound was echoed by the crowd of spiders; it was like applause, except applause didn’t usually make Harry feel sick with fear. ‘But that was years ago,’ said Aragog fretfully. ‘Years and years ago. I remember it well. That’s why they made him leave the school. They believed that I was the monster that dwells in what they call the Chamber of Secrets. They thought that Hagrid had\n\n206 HARRY POTTER opened the Chamber and set me free.’ ‘And you... you didn’t come from the Chamber of Secrets?’ said Harry, who could feel cold sweat on his forehead. ‘I!’ said Aragog, clicking angrily. ‘I was not born in the castle. I come from a distant land. A traveller gave me to Hagrid when I was an egg. Hagrid was only a boy, but he cared for me, hidden in a cupboard in the castle, feeding me on scraps from the table. Hagrid is my good friend, and a good man. When I was discovered, and blamed for the death of a girl, he protected me. I have lived here in the Forest ever since, where Hagrid still visits me. He even found me a wife, Mosag, and you see how our family has grown, all through Hagrid’s goodness...’ Harry summoned what remained of his courage. ‘So you never – never attacked anyone?’ ‘Never,’ croaked the old spider. ‘It would have been my instinct, but from respect of Hagrid, I never harmed a human. The body of the girl who was killed was discovered in a bathroom. I never saw\n\n--- Source: Harry Potter and the Chamber of Secrets - CHAPTER THIRTEEN ---\ngwarts if the attacks don’t stop.’ ‘What d’yeh –’ ‘I don’t think you meant to kill anyone. But monsters don’t make good pets. I suppose you just let it out for exercise and –’ ‘It never killed no one!’ said the large boy, backing against the closed door. From behind him, Harry could hear a funny rustling and clicking. ‘Come on, Rubeus,’ said Riddle, moving yet closer. ‘The dead girl’s parents will be here tomorrow. The least Hogwarts can do is make sure that the thing that killed their daughter is slaughtered...’ ‘It wasn’ him!’ roared the boy, his voice echoing in the dark passage. ‘He wouldn’! He never!’ ‘Stand aside,’ said Riddle, drawing out his wand. His spell lit the corridor with a sudden flaming light. The door behind the large boy flew open with such force it knocked him into the wall opposite. And out of it came something that made Harry let out a long, piercing scream no one but he seemed to hear. A vast, low-slung, hairy body and a tangle of black legs; a gleam of many eyes and a pair of razor-sharp pincers – Riddle raised his wand again, but he was too late. The thing bowled him over as it scuttled away, tearing up the corridor and out of sight. Riddle scrambled to his feet, looking after it; he raised his wand, but the huge boy leapt on him, seized his wand and threw him back down, yelling, ‘NOOOOOOO!’ The scene whirled, the darkness became complete, Harry felt himself falling and, with a crash, he landed spread-eagled on his four-poster in the Gryffindor dormitory, Riddle’s diary lying open on his stomach. Before he had had time to regain his breath, the dormitory door opened and Ron came in. ‘There you are,’ he said. Harry sat up. He was sweating and shaking. ‘What’s up?’ said Ron, looking at him with concern. ‘It was Hagrid, Ron. Hagrid opened the Chamber of Secrets\n\n--- Source: Harry Potter and the Chamber of Secrets - CHAPTER EIGHTEEN ---\nentrance to the Chamber of Secrets might be in her bathroom... ‘Very well,’ Professor McGonagall prompted him, as he paused, ‘so you found out where the entrance was – breaking a hundred school rules into pieces along the way, I might add – but how on\n\n242 HARRY POTTER earth did you all get out of there alive, Potter?’ So Harry, his voice now growing hoarse from all this talking, told them about Fawkes’s timely arrival and about the Sorting Hat giving him the sword. But then he faltered. He had so far avoided mentioning Riddle’s diary – or Ginny. She was standing with her head against Mrs Weasley’s shoulder, and tears were still coursing silently down her cheeks. What if they expelled her? Harry thought in panic. Riddle’s diary didn’t work any more... How could they prove it had been he who’d made her do it all? Instinctively, Harry looked at Dumbledore, who smiled faintly, the firelight glancing off his half-moon spectacles. ‘What interests me most,’ said Dumbledore gently, ‘is how Lord Voldemort managed to enchant Ginny, when my sources tell me he is currently in hiding in the forests of Albania.’ Relief – warm, sweeping, glorious relief – swept over Harry. ‘W-what’s that?’ said Mr Weasley in a stunned voice. ‘You Know Who? En-enchant Ginny? But Ginny’s not... Ginny hasn’t been... has she?’ ‘It was this diary,’ said Harry quickly, picking it up and showing it to Dumbledore. ‘Riddle wrote it when he was sixteen.’ Dumbledore took the diary from Harry and peered keenly down his long, crooked nose at its burnt and soggy pages. ‘Brilliant,’ he said softly. ‘Of course, he was probably the most brilliant student Hogwarts has ever seen.’ He turned around to the Weasleys, who were looking utterly bewildered. ‘Very few people know that Lord Voldemort was once called\n\n--- Source: Harry Potter and the Chamber of Secrets - CHAPTER FOURTEEN ---\nt seem to be able to get rid of the picture of Hermione, lying on the hospital bed as though carved out of stone. And if the culprit wasn’t caught soon, he was looking at a lifetime back with the Dursleys. Tom Riddle had turned Hagrid in because he was faced with the prospect of a Muggle orphanage if the school closed. Harry now knew exactly how he had felt. ‘What’re we going to do?’ said Ron quietly in Harry’s ear. ‘D’you think they suspect Hagrid?’ ‘We’ve got to go and talk to him,’ said Harry, making up his mind. ‘I can’t believe it’s him this time, but if he set the monster loose last time he’ll know how to get inside the Chamber of Secrets, and that’s a start.’\n\n192 HARRY POTTER ‘But McGonagall said we’ve got to stay in our tower unless we’re in class –’ ‘I think,’ said Harry, more quietly still, ‘it’s time to get my dad’s old Cloak out again.’ * Harry had inherited just one thing from his father: a long and silvery Invisibility Cloak. It was their only chance of sneaking out of the school to visit Hagrid without anyone knowing about it. They went to bed at the usual time, waited until Neville, Dean and Seamus had stopped discussing the Chamber of Secrets and finally fallen asleep, then got up, dressed again, and threw the Cloak over themselves. The journey through the dark and deserted castle corridors wasn’t enjoyable. Harry, who had wandered the castle at night several times before, had never seen it so crowded after sunset. Teachers, Prefects and ghosts were marching the corridors in pairs, staring around for any unusual activity. Their Invisibility Cloak didn’t stop them making any noise, and there was a particularly tense moment when Ron stubbed his toe only yards from the spot where Snape was standing guard. Thankfully, Snape sneezed at almost exactly the moment Ron swore. It was with relief that they reached the oak front doors and eased them open. It was a clear, starry\n\n--- Source: Harry Potter and the Chamber of Secrets - CHAPTER SEVENTEEN ---\nall right,’ said Harry, holding up the diary, and showing Ginny the fang hole, ‘Riddle’s finished. Look! Him and the Basilisk. C’mon, Ginny, let’s get out of here –’ ‘I’m going to be expelled!’ Ginny wept, as Harry helped her awkwardly to her feet. ‘I’ve looked forward to coming to Hogwarts ever since B-Bill came and n-now I’ll have to leave and – w-what’ll Mum and Dad say?’ Fawkes was waiting for them, hovering in the Chamber entrance. Harry urged Ginny forward; they stepped over the motionless coils of the dead Basilisk, through the echoing gloom and back into the tunnel. Harry heard the stone doors close behind them with a soft hiss. After a few minutes’ progress up the dark tunnel, a distant sound of slowly shifting rock reached Harry’s ears. ‘Ron!’ Harry yelled, speeding up. ‘Ginny’s OK! I’ve got her!’ He heard Ron give a strangled cheer and they turned the next bend to see his eager face staring through the sizeable gap he had managed to make in the rock fall. ‘Ginny!’ Ron thrust an arm through the gap in the rock to pull her through first. ‘You’re alive! I don’t believe it! What happened?’ He tried to hug her but Ginny held him off, sobbing. ‘But you’re okay, Ginny,’ said Ron, beaming at her. ‘It’s over now, it’s – where did that bird come from?’ Fawkes had swooped through the gap after Ginny. ‘He’s Dumbledore’s,’ said Harry, squeezing through himself. ‘And how come you’ve got a sword?’ said Ron, gaping at the glittering weapon in Harry’s hand. ‘I’ll explain when we get out of here,’ said Harry, with a sideways glance at Ginny. ‘But –’ ‘Later,’ Harry said quickly. He didn’t think it was a good idea to tell Ron yet who’d been opening the Chamber, not in front\n\n--- Source: Harry Potter and the Chamber of Secrets - CHAPTER SIXTEEN ---\nster, which is fatal to it!’ he read aloud. ‘Hagrid’s roosters were killed! The heir of Slytherin didn’t want one anywhere near the castle once the Chamber was opened! Spiders flee before the Basilisk! It all fits!’ ‘But how’s the Basilisk been getting around the place?’ said Ron. ‘A dirty great snake... Someone would’ve seen...’ Harry, however, pointed at the word Hermione had scribbled at the foot of the page. ‘Pipes,’ he said. ‘Pipes... Ron, it’s been using the plumbing. I’ve been hearing that voice inside the walls...’ Ron suddenly grabbed Harry’s arm. ‘The entrance to the Chamber of Secrets!’ he said hoarsely. ‘What if it’s a bathroom? What if it’s in –’ ‘– Moaning Myrtle’s bathroom,’ said Harry. They sat there, excitement coursing through them, hardly able to believe it. ‘This means,’ said Harry, ‘I can’t be the only Parselmouth in the school. The heir of Slytherin’s one, too. That’s how they’ve been controlling the Basilisk.’ ‘What’re we going to do?’ said Ron, whose eyes were flashing. ‘Shall we go straight to McGonagall?’ ‘Let’s go to the staff room,’ said Harry, jumping up. ‘She’ll be there in ten minutes, it’s nearly break.’ They ran downstairs. Not wanting to be discovered hanging around in another corridor, they went straight into the deserted staff room. It was a large, panelled room full of dark wooden chairs. Harry and Ron paced around it, too excited to sit down. But the bell to signal break never came. Instead, echoing through the corridors came Professor McGonagall’s voice, magically magnified. ‘All students to return to their house dormitories at once. All teachers return to the staff room. Immediately, please.’ Harry wheeled around to stare at Ron. ‘Not another attack? Not now?’ ‘What’ll we do?’ said Ron, aghast. ‘Go back to']","According to Harry Potter and the Chamber of Secrets - CHAPTER THIRTEEN and CHAPTER FIFTEEN, Rubeus Hagrid was expelled from Hogwarts fifty years ago because he was wrongly accused of opening the Chamber of Secrets.","He was expelled because Tom Riddle framed him, making it look like Hagrid's Acromantula (Aragog) was the monster that opened the Chamber of Secrets.",,,,
"According to 'Harry Potter and the Prisoner of Azkaban', what is the Wi-Fi password at the Leaky Cauldron?","['[DATA FROM BOOKS (QDRANT)]\n\n--- Source: Harry Potter And The Prisoner Of Azkaban - CHAPTER THREE ---\nyou\'re going to spend the last two weeks of your vacation. I suggest you take a room here at the Leaky Cauldron and ""Hang on,"" blurted Harry. ""What about my punishment?"" Fudge blinked. ""Punishment?"" ""I broke the law!"" Harry said. ""The Decree for the Restriction of Underage Wizardry!"" ""Oh, my dear boy, we\'re not going to punish you for a little thing like that!"" cried Fudge, waving his crumpet impatiently. ""It was an accident! We don\'t send people to Azkaban just for blowing up their aunts!"" But this didn\'t tally at all with Harry\'s past dealings with the Ministry of Magic. ""Last year, I got an official warning just because a house-elf smashed a pudding in my uncle\'s house!"" he told Fudge, frowning. ""The Ministry of Magic said I\'d be expelled from Hogwarts if there was any more magic there!"" Unless Harry\'s eyes were deceiving him, Fudge was suddenly looking awkward. ""Circumstances change, Harry... We have to take into account... in the present climate... Surely you don\'t want to be expelled?""\n\n38 ""Of course I don\'t,"" said Harry. ""Well then, what\'s A the fuss about?"" laughed Fudge. ""Now, have a crumpet, Harry, while I go and see if Tom\'s got a room for you."" Fudge strode out of the parlor and Harry stared after him. There was something extremely odd going on. Why had Fudge been waiting for him at the Leaky Cauldron, if not to punish him for what he\'d done? And now Harry came to think of it, surely it wasn\'t usual for the Minister of Magic himself to get involved in matters of underage magic? Fudge came back, accompanied by Tom the innkeeper. ""Room eleven\'s free, Harry,"" said Fudge. ""I think you\'ll be very comfortable. just one thing, and I\'m sure you\'ll understand... I don\'t want you wandering off into Muggle London, all right? Keep to Diagon Alley\n\n--- Source: Harry Potter And The Prisoner Of Azkaban - CHAPTER FOUR ---\nCHAPTER FOUR THE LEAKY CAULDRON It took Harry several days to get used to his strange new freedom. Never before had he been able to get up whenever he wanted or eat whatever he fancied. He could even go wherever he pleased, as long as it was in Diagon Alley, and as this long cobbled street was packed with the most fascinating wizarding shops in the world, Harry felt no desire to break his word to Fudge and stray back into the Muggle world. Harry ate breakfast each morning in the Leaky Cauldron, where he liked watching the other guests: funny little witches from the country, up for a day\'s shopping; venerable-looking wizards arguing over the latest article in Transfiguration Today; wild-looking warlocks; raucous dwarfs; and once, what looked suspiciously like a hag, who ordered a plate of raw liver from behind a thick woollen balaclava. After breakfast Harry would go out into the backyard, take out his wand, tap the third brick from the left above the trash bit,, and stand back\n\n41 as the archway into Diagon Alley opened in the wall. Harry spent the long sunny days exploring the shops and eating under the brightly colored umbrellas outside cafes, where his fellow diners were showing one another their purchases ( "" it, s a lunascope, old boy -no more messing around with moon charts, see?"") or else discussing the case of Sirius Black (""personalty, I won\'t let any of the children out alone until he\'s back in Azkaban""). Harry didn\'t have to do his homework under the blankets by flashlight anymore; now he could sit in the bright sunshine outside Florean Fortescue\'s Ice Cream Parlor, finishing all his essays with occasional help from Florean Fortescue himself, who, apart from knowing a great deal about medieval witch burnings, gave Harry free sundaes every half an hour. Once Harry had refilled his money bag with gold Galleons, silver Sickles, and bronze Knuts from his vault at Gringotts, he had to exercise a lot of self-control not to spend the whole lot at once. He had\n\n--- Source: Harry Potter And The Prisoner Of Azkaban - CHAPTER FOUR ---\nAnd stop worrying, Crookshanks will be sleeping in my dormitory and Scabbers in yours, what\'s the problem? Poor Crookshanks, that witch said he\'d been in there for ages; no one wanted him."" ""Wonder why,"" said Ron sarcastically as they set off toward the Leaky Cauldron. They found Mr. Weasley sitting in the bar, reading the Daily prophet. ""Harry!"" he said, smiling as he looked up. ""How are you?"" ""Fine, thanks,"" said Harry as he, Ron, and Hermione joined Mr. Weasley\n\n51 with A their shopping. Mr. Weasley put down his paper, and Harry saw the now familiar picture of Sirius Black staring up at him. ""They still haven\'t caught him, then?"" he asked. ""No,"" said Mr. Weasley, looking extremely grave. ""They\'ve pulled us all off our regular jobs at the Ministry to try and find him, but no luck so far."" ""Would we get a reward if we caught him?"" asked Ron. ""It\'d be good to get some more money --"" ""Don\'t be ridiculous, Ron,"" said Mr. Weasley, who on closer inspection looked very strained. ""Black\'s not going to be caught by a thirteen-year-old wizard. It\'s the Azkaban guards who\'ll get him back, You mark my words."" At that moment Mrs. Weasley entered the bar, laden with shopping bags and followed by the twins, Fred and George, who were about to start their fifth year at Hogwarts; the newly elected Head Boy, Percy; and the Weasleys\' youngest child and only girl, Ginny. Ginny, who had always been very taken with Harry, seemed even more heartily embarrassed than usual when she saw him, perhaps because he had saved her life during their previous year at Hogwarts. She went very red and muttered ""hello"" without looking at him. Percy, however, held out his hand solemnly as though he and Harry had never met and said, ""Harry. How nice to see you. ""Hello, Percy,"" said Harry, trying not to laugh\n\n--- Source: Harry Potter And The Prisoner Of Azkaban - CHAPTER FOUR ---\nsure is what Black\'s after ""But Harry will be perfectly safe at Hogwarts."" ""We thought Azkaban was perfectly safe. If Black can break out of Azkaban, he can break into Hogwarts."" ""But no one\'s really sure that Black\'s after Harry There was a thud on wood, and Harry was sure Mr. Weasley had banged his fist on the table. ""Molly, how many times do I have to tell you? They didn\'t report it in the press because Fudge wanted it kept quiet, but Fudge went out to Azkaban the night Black escaped. The guards told Fudge that Blacks been talking in his sleep for a while now. Always the same words: \'He\'s at Hogwarts... he\'s at Hogwarts.\' Black is deranged, Molly, and he wants Harry dead. If you ask me, he thinks murdering Harry will bring You-Know-Who back to pow er. Black lost everything the night Harry stopped You- Know-Who, and he\'s had twelve years alone in Azkaban to brood on that...."" There was a silence. Harry leaned still closer to the door, desperate to hear more. ""Well, Arthur, you must do what you think is right. But you\'re\n\n56 forgetting Albus Dumbledore. I don\'t think anything could hurt Harry at Hogwarts while Dumbledore\'s headmaster. I suppose he knows about all this?"" ""Of course he knows. We had to ask him if he minds the Azkaban guards stationing themselves around the entrances to the school grounds. He wasn\'t happy about it, but he agreed."" ""Not happy? Why shouldn\'t he be happy, if they\'re there to catch Black?"" ""Dumbledore isn\'t fond of the Azkaban guards,"" said Mr. Weasley heavily. ""Nor am 1, if it comes to that... but when you\'re dealing with a wizard like Black, you sometimes have to join forces with those you\'d rather avoid."" ""If they save Harry then I will never say another word against them, said Mr. Weasley wearily. ""It\'s late, Molly, we\'d better go up...."" Harry\n\n--- Source: Harry Potter And The Prisoner Of Azkaban - CHAPTER FOUR ---\nof the Azkaban guards,"" said Mr. Weasley heavily. ""Nor am 1, if it comes to that... but when you\'re dealing with a wizard like Black, you sometimes have to join forces with those you\'d rather avoid."" ""If they save Harry then I will never say another word against them, said Mr. Weasley wearily. ""It\'s late, Molly, we\'d better go up...."" Harry heard chairs move. As quietly as he could, he hurried down the passage to the bar and out of sight. The parlor door opened, and a few seconds later footsteps told him that Mr. and Mrs. Weasley were climbing the stairs. The bottle of rat tonic was lying under the table they had sat at earlier. Harry waited until he heard Mr. and Mrs. Weasley\'s bedroom door close, then headed back upstairs with the bottle. Fred and George were crouching in the shadows on the landing, heaving with laughter as they listened to Percy dismantling his and Ron\'s room in search of his badge. ""We\'ve got it,"" Fred whispered to Harry. ""We\'ve been improving it."" The badge now read Bighead Boy. Harry forced a laugh, went to give Ron the rat tonic, then shut himself in his room and lay down on his bed. So Sirius Black was after him. This explained everything. Fudge had been lenient with him because he was so relieved to find him alive. He\'d made\n\n57 Harry promise to stay in Diagon Alley where there were plenty of wizards to keep an eye on him. And he was sending two Ministry cars to take them all to the station tomorrow, so that the Weasleys could look after Harry until he was on the train. Harry lay listening to the muffled shouting next door and wondered why he didn\'t feel more scared. Sirius Black had murdered thirteen people with one curse; Mr. and Mrs, Weasley obviously thought Harry would be panic-stricken if he knew the truth. But Harry happened to agree wholeheartedly with Mrs. Weasley that the safest place on earth was wherever Albus Dumbledore happened to be. Did\n\n--- Source: Harry Potter and the Chamber of Secrets - CHAPTER TWELVE ---\ns was opened, a Mudblood died. So I bet it’s only a matter of time before one of them’s killed this time... I hope it’s Granger,’ he said with relish. Ron was clenching Crabbe’s gigantic fists. Feeling that it would be a bit of a give-away if Ron punched Malfoy, Harry shot him a warning look and said, ‘D’you know if the person who opened the Chamber last time was caught?’ ‘Oh, yeah... whoever it was was expelled,’ said Malfoy. ‘They’re probably still in Azkaban.’ ‘Azkaban?’ said Harry, puzzled. ‘Azkaban – the wizard prison, Goyle,’ said Malfoy, looking at him in disbelief. ‘Honestly, if you were any slower, you’d be going backwards.’ He shifted restlessly in his chair and said, ‘Father says to keep my head down and let the heir of Slytherin get on with it. He says the school needs ridding of all the Mudblood filth, but not to get mixed up in it. Of course, he’s got a lot on his plate at the moment. You know the Ministry of Magic raided our Manor last week?’ Harry tried to force Goyle’s dull face into a look of concern. ‘Yeah...’ said Malfoy. ‘Luckily, they didn’t find much. Father’s got some very valuable Dark Arts stuff. But luckily, we’ve got our own secret chamber under the drawing-room floor –’ ‘Ho!’ said Ron. Malfoy looked at him. So did Harry. Ron blushed. Even his hair was turning red. His nose was also slowly lengthening – their hour was up. Ron was turning back into himself, and from the look of horror he was suddenly giving Harry, he must be, too. They both jumped to their feet. ‘Medicine for my stomach,’ Ron grunted, and without further\n\n168 HARRY POTTER ado they sprinted the length of the Slytherin common room, hurled themselves at the stone wall and dashed up the passage, hoping against hope that Malfoy hadn’t noticed anything.\n\n--- Source: Harry Potter and the Chamber of Secrets - CHAPTER FIFTEEN ---\nhim! A cell in Azkaban!’ He was shivering uncontrollably now. ‘What was the point of sending us in there? What have we found out, I’d like to know?’ ‘That Hagrid never opened the Chamber of Secrets,’ said Harry, throwing the cloak over Ron and prodding him in the arm to make him walk. ‘He was innocent.’ Ron gave a loud snort. Evidently, hatching Aragog out in a cupboard wasn’t his idea of being innocent. As the castle loomed nearer Harry twitched the Cloak to make sure their feet were hidden, then pushed the creaking front doors ajar. They walked carefully back across the Entrance Hall and up the marble staircase, holding their breath as they passed corridors where watchful sentries were walking. At last they reached the safety of the Gryffindor common room, where the fire had burned itself into glowing ash. They took off the Cloak and climbed the winding staircase to their dormitory. Ron fell onto his bed without bothering to get undressed. Harry, however, didn’t feel very sleepy. He sat on the edge of his four-poster, thinking hard about everything Aragog had said. The creature that was lurking somewhere in the castle, he thought, sounded like a sort of monster Voldemort – even other monsters didn’t want to name it. But he and Ron were no closer to finding out what it was, or how it Petrified its victims. Even Hagrid had never known what was in the Chamber of Secrets. Harry swung his legs up onto his bed and leaned back against his pillows, watching the moon glinting at him through the tower window. He couldn’t see what else they could do. They had hit dead ends everywhere. Riddle had caught the wrong person, the heir of\n\nARAGOG 209 Slytherin had got off, and no one could tell whether it was the same person, or a different one, who had opened the Chamber this time. There was nobody else to ask. Harry lay down, still thinking about what Aragog said. He was becoming drowsy when what seemed like their very last hope occurred to him and he suddenly sat bolt upright. ‘R\n\n--- Source: Harry Potter And The Prisoner Of Azkaban - CHAPTER THREE ---\nblown up an\' all them Muggles dead. What was it they said ad \'appened, Ern?""\n\n33 ""Gas explosion,"" grunted Ernie. ""An\' now \'e\'s out,"" said Stan, examining the newspaper picture of Black\'s gaunt face again. ""Never been a breakout from Azkaban before, \'as there, Ern? Beats me \'ow \'e did it. Frightenin\', eh? Mind, I don\'t fancy \'is chances against them Azkaban guards, eh, Ern?"" Ernie suddenly shivered. ""Talk about summat else, Stan, there\'s a good lad. Them Azkaban guards give me the collywobbles."" Stan put the paper away reluctantly, and Harry leaned against the window of the Knight Bus, feeling worse than ever. He couldn\'t help imagining what Stan might be telling his passengers in a few nights\' time. ""\'Ear about that \'Arry Potter? Blew up \'is aunt! We \'ad \'im \'ere on the Knight Bus, di\'n\'t we, Ern? \'E was tryin\' I to run for it...."" He, Harry, had broken wizard law just like Sirius Black. Was inflating Aunt Marge bad enough to land him in Azkaban? Harry didn\'t know anything about the wizard prison, though everyone he\'d ever heard speak of it did so in the same fearful tone. Hagrid, the Hogwarts gamekeeper, had spent two months there only last year. Harry wouldn\'t soon forget the look of terror on Hagrid\'s face when he had been told where he was going, and Hagrid was one of the bravest people Harry knew. The Knight Bus rolled through the darkness, scattering bushes and wastebaskets, telephone booths and trees, and Harry lay, restless and miserable, on his feather bed. After a while, Stan remembered that Harry had paid for hot chocolate, but poured it all over Harry\'s pillow when the bus moved abruptly from Anglesea to Aberdeen. One by one, wizards and witches in dressing gowns and slippers descended from the upper floors\n\n--- Source: Harry Potter and the Chamber of Secrets - CHAPTER FIFTEEN ---\nwe’ve come.’ ‘In trouble?’ said the aged spider, and Harry thought he heard concern beneath the clicking pincers. ‘But why has he sent you?’ Harry thought of getting to his feet, but decided against it; he didn’t think his legs would support him. So he spoke from the ground, as calmly as he could. ‘They think, up at the school, that Hagrid’s been setting a – a – something on students. They’ve taken him to Azkaban.’ Aragog clicked his pincers furiously, and all around the hollow the sound was echoed by the crowd of spiders; it was like applause, except applause didn’t usually make Harry feel sick with fear. ‘But that was years ago,’ said Aragog fretfully. ‘Years and years ago. I remember it well. That’s why they made him leave the school. They believed that I was the monster that dwells in what they call the Chamber of Secrets. They thought that Hagrid had\n\n206 HARRY POTTER opened the Chamber and set me free.’ ‘And you... you didn’t come from the Chamber of Secrets?’ said Harry, who could feel cold sweat on his forehead. ‘I!’ said Aragog, clicking angrily. ‘I was not born in the castle. I come from a distant land. A traveller gave me to Hagrid when I was an egg. Hagrid was only a boy, but he cared for me, hidden in a cupboard in the castle, feeding me on scraps from the table. Hagrid is my good friend, and a good man. When I was discovered, and blamed for the death of a girl, he protected me. I have lived here in the Forest ever since, where Hagrid still visits me. He even found me a wife, Mosag, and you see how our family has grown, all through Hagrid’s goodness...’ Harry summoned what remained of his courage. ‘So you never – never attacked anyone?’ ‘Never,’ croaked the old spider. ‘It would have been my instinct, but from respect of Hagrid, I never harmed a human. The body of the girl who was killed was discovered in a bathroom. I never saw\n\n--- Source: Harry Potter And The Prisoner Of Azkaban - CHAPTER TWELVE ---\ndor common room, Well, here it is, we\'ve done everything we could think of, and there doesn\'t seem to be anything wrong with it at all. You\'ve got a very good friend somewhere, Potter...."" Harry\'s jaw dropped. She was holding out his Firebolt, and it looked as magnificent as ever. ""I can have it back?"" Harry said weakly. ""Seriously?"" ""Seriously,"" said Professor McGonagall, and she was actually smiling. ""I daresay you\'ll need to get the feel of it before Saturday\'s match, won\'t you? And Potter -- do try and win, won\'t you? Or we\'ll be out of the running for the eighth year. in a row, as Professor Snape was kind enough to remind me only last night...."" Speechless, Harry carried the Firebolt back upstairs toward Gryffindor Tower. As he turned a corner, he saw Ron dashing toward him, grinning from ear to ear.\n\n207 ""She gave it to You? Excellent! Listen, can I still have a go on it? Tomorrow?"" ""Yeah... anything,"" said Harry, his heart lighter than it had been in a month. ""You know what -- we should make up with Hermione.... She was only trying to help...."" ""Yeah, all right,"" said Ron. ""She\'s in the common room how working, for a change --"" They turned into the corridor to Gryffindor Tower and saw Neville Longbottom, pleading with Sir Cadogan, who seemed to be refusing him entrance. ""I wrote them down!"" Neville was saying tearfully. ""But I must\'ve dropped them somewhere!"" ""A likely tale!"" roared Sir Cadogan. Then, spotting Harry and Ron: ""Good even, my fine young yeomen! Come clap this loon in irons. He is trying to force entry to the chambers within!"" ""Oh, shut up,"" said Ron as he and Harry drew level with Neville. ""I\'ve lost the passwords!"" Neville told them miserably. ""I made him tell me what passwords he was going to use this week, because he keeps changing them, and now I don\'t know what I\'ve done with them!"" ""Od']",There is not enough information currently available to answer this question.,"There is no information about a Wi-Fi password in the book, as muggle technology does not work around magic.",,,,
"In 'Harry Potter and the Chamber of Secrets', what is the exact chemical formula for Polyjuice Potion?","['[DATA FROM WEB SEARCH]\n\nWeb Snippet 1:\nHarry Potter (Daniel Radcliffe), Ron Weasley (Rupert Grint), and Hermione Granger (Emma Watson) take Polyjuice Potion. Harry and Ron turn\n(Source: https://www.youtube.com/watch?v=JdTrxqeQuvw)\n\nWeb Snippet 2:\nThe Polyjuice Potion was a potion that allowed the drinker to temporarily assume the physical form of someone else. It was a highly complicated, challenging\n(Source: https://harrypotter.fandom.com/wiki/Polyjuice_Potion)\n\nWeb Snippet 3:\nPolyjuice Potion Transformation | Harry Potter and the Chamber of Secrets (2002) 4K. 3.6K views · 2 years ago ...more\n(Source: https://www.youtube.com/watch?v=4RtrPD3ogkc)\n\n[DATA FROM BOOKS (QDRANT)]\n\n--- Source: Harry Potter and the Chamber of Secrets - CHAPTER TWELVE ---\ned what Ron had said: ‘Hearing voices no one else can hear isn’t a good sign, even in the wizarding world.’ He thought, too, about what everyone was saying about him, and his growing dread that he was somehow connected with Salazar Slytherin...\n\nTHE POLYJUICE POTION 157 ‘No,’ said Harry, ‘there isn’t anything, Professor.’ * The double attack on Justin and Nearly Headless Nick turned what had hitherto been nervousness into real panic. Curiously, it was Nearly Headless Nick’s fate that seemed to worry people most. What could possibly do that to a ghost, people asked each other; what terrible power could harm someone who was already dead? There was almost a stampede to book seats on the Hogwarts Express so that students could go home for Christmas. ‘At this rate, we’ll be the only ones left,’ Ron told Harry and Hermione. ‘Us, Malfoy, Crabbe and Goyle. What a jolly holiday it’s going to be.’ Crabbe and Goyle, who always did whatever Malfoy did, had signed up to stay over the holidays too. But Harry was glad that most people were leaving. He was tired of people skirting around him in the corridors, as though he was about to sprout fangs or spit poison; tired of all the muttering, pointing and hissing as he passed. Fred and George, however, found all this very funny. They went out of their way to march ahead of Harry down the corridors, shouting, ‘Make way for the heir of Slytherin, seriously evil wizard coming through...’ Percy was deeply disapproving of this behaviour. ‘It is not a laughing matter,’ he said coldly. ‘Oh, get out of the way, Percy,’ said Fred. ‘Harry’s in a hurry.’ ‘Yeah, he’s nipping off to the Chamber of Secrets for a cup of tea with his fanged servant,’ said George, chortling. Ginny didn’t find it amusing either. ‘Oh, don’t,’ she wailed every time Fred asked Harry loudly who he was planning to attack next, or George pretende\n\n--- Source: Harry Potter and the Chamber of Secrets - CHAPTER NINE ---\nevil enough.’ ‘They could’ve had the key to the Chamber of Secrets for centuries!’ said Ron. ‘Handing it down, father to son...’ ‘Well,’ said Hermione cautiously, ‘I suppose it’s possible...’ ‘But how do we prove it?’ said Harry darkly. ‘There might be a way,’ said Hermione slowly, dropping her voice still further with a quick glance across the room at Percy. ‘Of course, it would be difficult. And dangerous, very dangerous. We’d be breaking about fifty school rules, I expect.’ ‘If, in a month or so, you feel like explaining, you will let us know, won’t you?’ said Ron irritably. ‘All right,’ said Hermione coldly. ‘What we’d need to do is to get inside the Slytherin common room and ask Malfoy a few questions without him realising it’s us.’ ‘But that’s impossible,’ Harry said, as Ron laughed. ‘No, it’s not,’ said Hermione. ‘All we’d need would be some Polyjuice Potion.’ ‘What’s that?’ said Ron and Harry together. ‘Snape mentioned it in class a few weeks ago –’ ‘D’you think we’ve got nothing better to do in Potions than listen to Snape?’ muttered Ron. ‘It transforms you into somebody else. Think about it! We could change into three of the Slytherins. No one would know it was us. Malfoy would probably tell us anything. He’s probably boasting about it in the Slytherin common room right now, if only\n\nTHE WRITING ON THE WALL 121 we could hear him.’ ‘This Polyjuice stuff sounds a bit dodgy to me,’ said Ron, frowning. ‘What if we were stuck looking like three of the Slytherins for ever?’ ‘It wears off after a while,’ said Hermione, waving her hand impatiently, ‘but getting hold of the recipe will be very difficult. Snape said it was in a book called Moste Potente Potions and it’s bound to be in the Restricted Section of the library.’ There was only one\n\n--- Source: Harry Potter and the Chamber of Secrets - CHAPTER TWELVE ---\nCHAPTER TWELVE — The Polyjuice Potion They stepped off the stone staircase at the top and Professor McGonagall rapped on the door. It opened silently and they entered. Professor McGonagall told Harry to wait, and left him there, alone. Harry looked around. One thing was certain: of all the teachers’ offices Harry had visited so far this year, Dumbledore’s was by far the most interesting. If he hadn’t been scared out of his wits that he was about to be thrown out of school, he would have been very pleased to have a chance to look around it. It was a large and beautiful circular room, full of funny little noises. A number of curious silver instruments stood on spindlelegged tables, whirring and emitting little puffs of smoke. The walls were covered with portraits of old headmasters and headmistresses, all of whom were snoozing gently in their frames. There was also an enormous, claw-footed desk, and, sitting on a shelf behind it, a shabby, tattered wizard’s hat – the Sorting Hat. Harry hesitated. He cast a wary eye around the sleeping witches and wizards on the walls. Surely it couldn’t hurt if he took the Hat down and tried it on again? Just to see... just to make sure it had put him in the right house. He walked quietly around the desk, lifted the Hat from its shelf, and lowered it slowly onto his head. It was much too large and slipped down over his eyes, just as it had done the last time he’d put it on. Harry stared at the black inside of the Hat, waiting. Then a small voice said in his ear, ‘Bee in your bonnet, Harry Potter?’ ‘Er, yes,’ Harry muttered. ‘Er – sorry to bother you – I wanted to ask –’ ‘You’ve been wondering whether I put you in the right house,’ said the Hat smartly. ‘Yes... you were particularly difficult to place. But I stand by what I said before –’ Harry’s heart leapt ‘–\n\nTHE POLYJUICE POTION 155 you would have done well in Slytherin.’\n\n--- Source: Harry Potter and the Chamber of Secrets - CHAPTER TWELVE ---\nPotter?’ ‘Er, yes,’ Harry muttered. ‘Er – sorry to bother you – I wanted to ask –’ ‘You’ve been wondering whether I put you in the right house,’ said the Hat smartly. ‘Yes... you were particularly difficult to place. But I stand by what I said before –’ Harry’s heart leapt ‘–\n\nTHE POLYJUICE POTION 155 you would have done well in Slytherin.’ Harry’s stomach plummeted. He grabbed the point of the Hat and pulled it off. It hung limply in his hand, grubby and faded. Harry pushed it back onto its shelf, feeling sick. ‘You’re wrong,’ he said aloud to the still and silent Hat. It didn’t move. Harry backed away, watching it. Then a strange, gagging noise behind him made him wheel around. He wasn’t alone after all. Standing on a golden perch behind the door was a decrepit-looking bird which resembled a half-plucked turkey. Harry stared at it and the bird looked balefully back, making its gagging noise again. Harry thought it looked very ill. Its eyes were dull and, even as Harry watched, a couple more feathers fell out of its tail. Harry was just thinking that all he needed was for Dumbledore’s pet bird to die while he was alone in the office with it, when the bird burst into flames. Harry yelled in shock and backed away into the desk. He looked feverishly around in case there was a glass of water somewhere, but couldn’t see one. The bird, meanwhile, had become a fireball; it gave one loud shriek and next second there was nothing but a smouldering pile of ash on the floor. The office door opened. Dumbledore came in, looking very sombre. ‘Professor,’ Harry gasped, ‘your bird – I couldn’t do anything – he just caught fire –’ To Harry’s astonishment, Dumbledore smiled. ‘About time, too,’ he said. ‘He’s been looking dreadful for days, I’ve been telling him to get a move on.’ He chuckled at\n\n--- Source: Harry Potter and the Chamber of Secrets - CHAPTER TWELVE ---\nshocked, Ron was indistinguishable from Crabbe,\n\nTHE POLYJUICE POTION 163 from the pudding-basin haircut to the long, gorilla arms. ‘This is unbelievable,’ said Ron, approaching the mirror and prodding Crabbe’s flat nose. ‘Unbelievable.’ ‘We’d better get going,’ said Harry, loosening the watch that was cutting into Goyle’s thick wrist. ‘We’ve still got to find out where the Slytherin common room is, I only hope we can find someone to follow...’ Ron, who had been gazing at Harry, said, ‘You don’t know how bizarre it is to see Goyle thinking.’ He banged on Hermione’s door. ‘C’mon, we need to go...’ A high-pitched voice answered him. ‘I – I don’t think I’m going to come after all. You go on without me.’ ‘Hermione, we know Millicent Bulstrode’s ugly, no one’s going to know it’s you.’ ‘No – really – I don’t think I’ll come. You two hurry up, you’re wasting time.’ Harry looked at Ron, bewildered. ‘That looks more like Goyle,’ said Ron. ‘That’s how he looks every time a teacher asks him a question.’ ‘Hermione, are you OK?’ said Harry through the door. ‘Fine – I’m fine... Go on –’ Harry looked at his watch. Five of their precious sixty minutes had already passed. ‘We’ll meet you back here, all right?’ he said. Harry and Ron opened the door of the bathroom carefully, checked that the coast was clear and set off. ‘Don’t swing your arms like that,’ Harry muttered to Ron. ‘Eh?’ ‘Crabbe holds them sort of stiff...’ ‘How’s this?’ ‘Yeah, that’s better.’ They went down the marble staircase. All they needed now was a Slytherin whom they could follow to the Slytherin common room, but there was nobody around. ‘Any ideas?’ muttered Harry. ‘The Slytherins always come\n\n--- Source: Harry Potter and the Chamber of Secrets - CHAPTER TEN ---\n.’ Madam Pince held the note up to the light, as though determined to detect a forgery, but it passed the test. She stalked away between the lofty shelves and returned several minutes later carrying a large and mouldy-looking book. Hermione put it carefully into her bag and they left, trying not to walk too quickly or look too guilty. Five minutes later, they were barricaded in Moaning Myrtle’s out-of-order bathroom once again. Hermione had overridden Ron’s objections by pointing out that it was the last place anyone in their right minds would go, so they were guaranteed some privacy. Moaning Myrtle was crying noisily in her cubicle, but they were ignoring her, and she them. Hermione opened Moste Potente Potions carefully, and the three of them bent over the damp-spotted pages. It was clear from a glance why it belonged in the Restricted Section. Some of the potions had effects almost too gruesome to think about, and there were some very unpleasant illustrations, which included a man who seemed to have been turned inside out and a witch sprouting several extra pairs of arms out of her head. ‘Here it is,’ said Hermione excitedly, as she found the page headed The Polyjuice Potion. It was decorated with drawings of people halfway through transforming into other people. Harry sincerely hoped the artist had imagined the looks of intense pain on their faces. ‘This is the most complicated potion I’ve ever seen,’ said Hermione, as they scanned the recipe. ‘Lacewing flies, leeches, fluxweed and knotgrass,’ she murmured, running her finger down the list of ingredients. ‘Well, they’re easy enough, they’re in the student store-cupboard, we can help ourselves. Oooh, look, powdered horn of a Bicorn – don’t know where we’re going to get that... Shredded skin of a Boomslang – that’ll be tricky, too – and of course a bit of whoever we want to change into.’\n\nTHE ROGUE BLUDGER 125 ‘Excuse me?\n\n--- Source: Harry Potter and the Chamber of Secrets - CHAPTER TWELVE ---\nps of the Potion into each of the glasses. Then, her hand trembling, she shook Millicent Bulstrode’s hair out of its bottle into the first glass. The Potion hissed loudly like a boiling kettle and frothed madly. A second later, it had turned a sick sort of yellow. ‘Urgh – essence of Millicent Bulstrode,’ said Ron, eyeing it with loathing. ‘Bet it tastes disgusting.’ ‘Add yours, then,’ said Hermione. Harry dropped Goyle’s hair into the middle glass and Ron put Crabbe’s into the last one. Both glasses hissed and frothed: Goyle’s turned the khaki colour of a bogey, Crabbe’s a dark, murky brown. ‘Hang on,’ said Harry, as Ron and Hermione reached for their glasses. ‘We’d better not all drink them in here: once we turn into\n\n162 HARRY POTTER Crabbe and Goyle we won’t fit. And Millicent Bulstrode’s no pixie.’ ‘Good thinking,’ said Ron, unlocking the door. ‘We’ll take separate cubicles.’ Careful not to spill a drop of his Polyjuice Potion, Harry slipped into the middle cubicle. ‘Ready?’ he called. ‘Ready,’ came Ron and Hermione’s voices. ‘One... two... three...’ Pinching his nose, Harry drank the Potion down in two large gulps. It tasted like overcooked cabbage. Immediately, his insides started writhing as though he’d just swallowed live snakes – doubled up, he wondered whether he was going to be sick – then a burning sensation spread rapidly from his stomach to the very ends of his fingers and toes. Next, bringing him gasping to all fours, came a horrible melting feeling, as the skin all over his body bubbled like hot wax, and before his eyes, his hands began to grow, the fingers thickened, the nails broadened and the knuckles were bulging like bolts. His shoulders stretched painfully and a prickling on his forehead told him that hair was creeping down towards\n\n--- Source: Harry Potter and the Chamber of Secrets - CHAPTER TWELVE ---\ntiny bottle out of her pocket and showing them the single hair inside it. ‘Remember Millicent Bulstrode wrestling with me at the Duelling Club? She left this on my robes when she was trying to strangle me! And she’s gone home for Christmas – so I’ll just have to tell the Slytherins I’ve decided to come back.’ When Hermione had bustled off to check on the Polyjuice Potion again, Ron turned to Harry with a doom-laden expression. ‘Have you ever heard of a plan where so many things could go wrong?’ * But to Harry and Ron’s utter amazement, stage one of the operation went just as smoothly as Hermione had said. They lurked in the deserted Entrance Hall after Christmas tea, waiting for Crabbe and Goyle, who had remained alone at the Slytherin table, shovelling down fourth helpings of trifle. Harry had perched the chocolate cakes on the end of the banisters. When they spotted Crabbe and Goyle coming out of the Great Hall, Harry and Ron hid quickly behind a suit of armour next to the front door. ‘How thick can you get?’ Ron whispered ecstatically, as Crabbe gleefully pointed out the cakes to Goyle and grabbed them. Grinning stupidly, they stuffed the cakes whole into their large mouths. For a moment, both of them chewed greedily, looks of triumph on their faces. Then, without the smallest change of expression, they both keeled over backwards onto the floor. Much the most difficult bit was hiding them in the cupboard across the hall. Once they were safely stowed amongst the buckets and mops, Harry yanked out a couple of the bristles that covered\n\nTHE POLYJUICE POTION 161 Goyle’s forehead and Ron pulled out several of Crabbe’s hairs. They also stole their shoes, because their own were far too small for Crabbe- and Goyle-sized feet. Then, still stunned at what they had just done, they sprinted up to Moaning Myrtle’s bathroom. They could hardly see for the thick black smoke issuing from the cubicle in which Hermione\n\n--- Source: Harry Potter and the Chamber of Secrets - CHAPTER TWELVE ---\nof the way, Percy,’ said Fred. ‘Harry’s in a hurry.’ ‘Yeah, he’s nipping off to the Chamber of Secrets for a cup of tea with his fanged servant,’ said George, chortling. Ginny didn’t find it amusing either. ‘Oh, don’t,’ she wailed every time Fred asked Harry loudly who he was planning to attack next, or George pretended to ward Harry off with a large clove of garlic when they met. Harry didn’t mind; it made him feel better that Fred and George, at least, thought the idea of his being Slytherin’s heir was quite ludicrous. But their antics seemed to be aggravating Draco Malfoy, who looked increasingly sour each time he saw them at it. ‘It’s because he’s bursting to say it’s really him,’ said Ron knowingly. ‘You know how he hates anyone beating him at anything, and you’re getting all the credit for his dirty work.’ ‘Not for long,’ said Hermione in a satisfied tone. ‘The Polyjuice\n\n158 HARRY POTTER Potion’s nearly ready. We’ll be getting the truth out of him any day now.’ * At last the term ended, and a silence deep as the snow on the grounds descended on the castle. Harry found it peaceful, rather than gloomy, and enjoyed the fact that he, Hermione and the Weasleys had the run of Gryffindor Tower, which meant they could play Exploding Snap loudly without bothering anyone, and practise duelling in private. Fred, George and Ginny had chosen to stay at school rather than visit Bill in Egypt with Mr and Mrs Weasley. Percy, who disapproved of what he termed their childish behaviour, didn’t spend much time in the Gryffindor common room. He had already told them pompously that he was only staying over Christmas because it was his duty as a Prefect to support the teachers during this troubled time. Christmas morning dawned, cold and white. Harry and Ron, the only ones left in their dormitory, were woken very early by Hermione, who burst in, fully dressed and carrying present\n\n--- Source: Harry Potter and the Chamber of Secrets - CHAPTER TWELVE ---\ntermed their childish behaviour, didn’t spend much time in the Gryffindor common room. He had already told them pompously that he was only staying over Christmas because it was his duty as a Prefect to support the teachers during this troubled time. Christmas morning dawned, cold and white. Harry and Ron, the only ones left in their dormitory, were woken very early by Hermione, who burst in, fully dressed and carrying presents for them both. ‘Wake up,’ she said loudly, pulling back the curtains at the window. ‘Hermione – you’re not supposed to be in here,’ said Ron, shielding his eyes against the light. ‘Merry Christmas to you, too,’ said Hermione, throwing him his present. ‘I’ve been up for nearly an hour, adding more lacewings to the Potion. It’s ready.’ Harry sat up, suddenly wide awake. ‘Are you sure?’ ‘Positive,’ said Hermione, shifting Scabbers the rat so that she could sit down on the end of his four-poster. ‘If we’re going to do it, I say it should be tonight.’ At that moment, Hedwig swooped into the room, carrying a very small package in her beak. ‘Hello,’ said Harry happily, as she landed on his bed, ‘are you speaking to me again?’ She nibbled his ear in an affectionate sort of way, which was a far better present than the one which she had brought him, which turned out to be from the Dursleys. They had sent Harry a toothpick and a note telling him to find out whether he’d be able to stay at Hogwarts for the summer holidays, too.\n\nTHE POLYJUICE POTION 159 The rest of Harry’s Christmas presents were far more satisfactory. Hagrid had sent him a large tin of treacle fudge, which Harry decided to soften by the fire before eating; Ron had given him a book called Flying with the Cannons, a book of interesting facts about his favourite Quidditch team; and Hermione had bought him a luxury eagle-feather quill. Harry opened the last present to find a new, hand']",There is not enough information currently available to answer this question.,"The text does not contain a chemical formula, only magical ingredients like lacewing flies, leeches, and boomslang skin.",,,,
"In 'Harry Potter and the Prisoner of Azkaban', did Dumbledore use an AK-47 assault rifle to fight off the Dementors?","['[DATA FROM WEB SEARCH]\n\nWeb Snippet 1:\nOur own media barely knows what guns are. ""Assault weapons are Evil!!"", Proceeds to show some bolt action hunting rifle.\n(Source: https://www.reddit.com/r/whowouldwin/comments/73g573/harry_potter_movies_except_harry_potter_has_an)\n\nWeb Snippet 2:\nOne poor M16 suffered a fiery fate; a duration of sustained fire test resulted in the heavily modified gun to melt, leaving a puddle of metal\n(Source: https://www.fanfiction.net/s/13823500/1/Use-of-Weapons)\n\nWeb Snippet 3:\nThe Firebolt was one of the MOST IMPORTANT parts of Prisoner of Azkaban. 1.3K views · 1 year ago ...more\n(Source: https://www.youtube.com/watch?v=x7L0xOsk8mo)\n\n[DATA FROM BOOKS (QDRANT)]\n\n--- Source: Harry Potter and the Chamber of Secrets - CHAPTER FOURTEEN ---\nhave ter threaten an’ blackmail before they agreed, Malfoy, eh?’ he roared. ‘Dear, dear, you know, that temper of yours will lead you into trouble one of these days, Hagrid,’ said Mr Malfoy. ‘I would advise you not to shout at the Azkaban guards like that. They won’t like it at all.’ ‘Yeh can’ take Dumbledore!’ yelled Hagrid, making Fang the boarhound cower and whimper in his basket. ‘Take him away, an’ the Muggle-borns won’ stand a chance! There’ll be killin’s next!’ ‘Calm yourself, Hagrid,’ said Dumbledore sharply. He looked at Lucius Malfoy. ‘If the governors want my removal, Lucius, I shall of course step aside.’ ‘But –’ stuttered Fudge. ‘No!’ growled Hagrid. Dumbledore had not taken his bright blue eyes off Lucius Malfoy’s cold grey ones. ‘However,’ said Dumbledore, speaking very slowly and clearly, so that none of them could miss a word, ‘you will find that I will only truly have left this school when none here are loyal to me. You will also find that help will always be given at Hogwarts to those who ask for it.’ For a second, Harry was almost sure Dumbledore’s eyes flickered towards the corner where he and Ron stood hidden. ‘Admirable sentiments,’ said Malfoy, bowing. ‘We shall all miss your – er – highly individual way of running things, Albus, and only hope that your successor will manage to prevent any – ah – “killin’s”.’ He strode to the cabin door, opened it and bowed Dumbledore out. Fudge, fiddling with his bowler, waited for Hagrid to go ahead of him, but Hagrid stood his ground, took a deep breath and said carefully, ‘If anyone wanted ter find out some stuff, all they’d have ter do would be ter follow the spiders. That’d lead ’em right! That’s all I’m sayin’.’ Fudge stared at him\n\n--- Source: Harry Potter And The Prisoner Of Azkaban - CHAPTER TEN ---\nare among the foulest creatures that walk this earth. They infest the darkest, filthiest places, they glory in decay and despair, they drain peace, hope, and happiness out of the air around them. Even Muggles feel their presence, though they can\'t see them. Get too near a dementor and every good feeling, every happy memory will be sucked out of you. If it can, the dementor will feed on you long enough to reduce you to something like itself... soul-less and evil. You\'ll be left with nothing but the worst experiences of your life. And the worst that happened to you, Harry, is enough to make anyone fall off their broom. You have nothing to feel ashamed of."" ""When they get near me --"" Harry stared at Lupin\'s desk, his throat tight. ""I can hear Voldemort murdering my mum."" Lupin made a sudden motion with his arm as though to grip Harry\'s shoulder, but thought better of it. There was a moment\'s Silence, then -""Why did they have to come to the match?"" said Harry bitterly.\n\n156 ""They\'re getting hungry,"" said Lupin coolly, shutting his briefcase with a snap. ""Dumbledore won\'t let them into the school, so their supply of human prey has dried up.... I don\'t think they could resist the large crowd around the Quidditch field. All that excitement... emotions running high... it was their idea of a feast."" ""Azkaban must be terrible,"" Harry muttered. Lupin nodded grimly. ""The fortress is set on a tiny island, way out to sea, but they don\'t need walls and water to keep the prisoners in, not when they\'re all trapped inside their own heads, incapable of a single cheery thought. Most of them go mad within weeks."" ""But Sirius Black escaped from them,"" Harry said slowly. ""He got away..."" Lupin\'s briefcase slipped from the desk; he had to stoop quickly to catch it. ""Yes,"" he said, straightening up, ""Black must have found a way to fight them. I wouldn\'t have believed it possible.... Dementors are\n\n--- Source: Harry Potter And The Prisoner Of Azkaban - CHAPTER FIVE ---\n. ""Welcome to another year at Hogwarts! I have a few things to say to you all, and as one of them is very serious, I think it best to get it out of the way before you become befuddled by our excellent feast...."" Dumbledore cleared his throat and continued, ""As you will all be aware after their search of the Hogwarts Express, our school is presently playing host to some of the dementors of Azkaban, who are here on Ministry of Magic business.""\n\n75 He paused, and Harry remembered what Mr. Weasley had said about Dumbledore not being happy with the dementors guarding the school. ""They are stationed at every entrance to the grounds,"" Dumbledore continued, ""and while they are with us, I must make it plain that nobody is to leave school without permission. Dementors are not to be fooled by tricks or disguises -- or even Invisibility Cloaks,"" he added blandly, and Harry and Ron glanced at each other. ""It is not in the nature of a dementor to understand pleading or excuses. I therefore warn each and every one of you to give them no reason to harm you. I look to the prefects, and our new Head Boy and Girl, to make sure that no student runs afoul of the dementors,"" he said. Percy, who was sitting a few seats down from Harry, puffed out his chest again and stared around impressively. Dumbledore paused again; he looked very seriously around the hall, and nobody moved or made a sound. ""On a happier note,"" he continued, I am pleased to welcome two new teachers to our ranks this year. ""First, Professor Lupin, who has kindly consented to fill the post of Defense Against the Dark Arts teacher."" There was some scattered, rather unenthusiastic applause. Only those who had been in the compartment on the train with Professor Lupin clapped hard, Harry among them. Professor Lupin looked particularly shabby next to all the other teachers in their best robes. ""Look at Snape!"" Ron hissed in Harry\'s ear. Professor Snape, the Potions master, was staring along the\n\n--- Source: Harry Potter and the Chamber of Secrets - CHAPTER EIGHTEEN ---\nained silver sword and handed it to Harry. Dully, Harry turned it over, the rubies blazing in the firelight. And then he saw the name engraved just below the hilt. Godric Gryffindor. ‘Only a true Gryffindor could have pulled that out of the Hat, Harry,’ said Dumbledore simply. For a minute, neither of them spoke. Then Dumbledore pulled open one of the drawers in Professor McGonagall’s desk, and took out a quill and a bottle of ink. ‘What you need, Harry, is some food and sleep. I suggest you go down to the feast, while I write to Azkaban – we need our gamekeeper back. And I must draft an advertisement for the Daily\n\n246 HARRY POTTER Prophet, too,’ he added thoughtfully. ‘We’ll be needing a new Defence Against the Dark Arts teacher. Dear me, we do seem to run through them, don’t we?’ Harry got up and crossed to the door. He had just reached for the handle, however, when the door burst open so violently that it bounced back off the wall. Lucius Malfoy stood there, fury in his face. And cowering under his arm, heavily wrapped in bandages, was Dobby. ‘Good evening, Lucius,’ said Dumbledore pleasantly. Mr Malfoy almost knocked Harry over as he swept into the room. Dobby went scurrying in after him, crouching at the hem of his cloak, a look of abject terror on his face. ‘So!’ said Lucius Malfoy, his cold eyes fixed on Dumbledore. ‘You’ve come back. The governors suspended you, but you still saw fit to return to Hogwarts.’ ‘Well, you see, Lucius,’ said Dumbledore, smiling serenely, ‘the other eleven governors contacted me today. It was something like being caught in a hailstorm of owls, to tell the truth. They’d heard that Arthur Weasley’s daughter had been killed and wanted me back here at once. They seemed to think I was the best man for the job after all. Very strange tales they told me, too. Several of them\n\n--- Source: Harry Potter And The Prisoner Of Azkaban - CHAPTER FIVE ---\nhim a particularly large piece. ""Eat it. It\'ll help."" Harry took the chocolate but didn\'t eat it. ""What was that thing?"" he asked Lupin. ""A dementor,"" said Lupin, who was now giving chocolate to everyone else. ""One of the dementors of Azkaban."" Everyone stared at him. Professor Lupin crumpled up the empty chocolate wrapper and put it in his pocket. ""Eat,"" he repeated. ""It\'ll help. I need to speak to the driver, excuse me...\n\n69 He strolled past Harry and disappeared into the corridor. ""Are you sure you\'re okay, Harry?"" said Hermione, watching Harry anxiously. ""I Don\'t get it.... What happened?"" said Harry, wiping more sweat off his face. ""Well -- that thing -- the dementor -- stood there and looked around (I mean, I think it did, I couldn\'t see its face) -- and you -- you ""I thought you were having a fit or something,"" said Ron, who still looked scared. ""You went sort of rigid and fell out of your seat and started twitching -- 11 ""And Professor Lupin stepped over you, and walked toward the dementor, and pulled out his wand,"" said Hermione, ""and he said, \'None of us is hiding Sirius Black under our cloaks. Go.\' But the dementor didn\'t move, so Lupin muttered something, and a silvery thing shot out of his wand at it, and it turned around and sort of glided away.... "" ""It was horrible,"" said Neville, in a higher voice than usual. ""Did YOU feel how cold it got when it came in?"" I felt weird,"" said Ron, shifting his shoulders uncomfortably. ""Like I\'d never be cheerful again...."" Ginny, who was huddled in her corner looking nearly as bad as Harry felt, gave a small sob; Hermione went over and put a comforting arm around her. ""But didn\'t any of you -- fall off your seats?"" said Harry awkwardly. ""No,"" said Ron, looking anxiously at Harry again. ""Ginny was shaking like mad, though...."" Harry\n\n--- Source: Harry Potter and the Chamber of Secrets - CHAPTER FOURTEEN ---\n’ said Lucius Malfoy, sneering as he looked around the small cabin. ‘I simply called at the school and was told that the Headmaster was here.’ ‘And what exactly did you want with me, Lucius?’ said Dumbledore. He spoke politely, but the fire was still blazing in his blue eyes. ‘Dreadful thing, Dumbledore,’ said Mr Malfoy lazily, taking out a long roll of parchment, ‘but the governors feel it’s time for you to step aside. This is an Order of Suspension – you’ll find all twelve signatures on it. I’m afraid we feel you’re losing your touch. How many attacks have there been now? Two more this afternoon, wasn’t it? At this rate, there’ll be no Muggle-borns left at Hogwarts, and we all know what an awful loss that would be to the school.’ ‘Oh, now, see here, Lucius,’ said Fudge, looking alarmed, ‘Dumbledore suspended... no, no... last thing we want just now...’ ‘The appointment – or suspension – of the Headmaster is a matter for the governors, Fudge,’ said Mr Malfoy smoothly. ‘And as Dumbledore has failed to stop these attacks...’ ‘Now look, Lucius, if Dumbledore can’t stop them –’ said Fudge, whose upper lip was sweating now, ‘I mean to say, who can?’ ‘That remains to be seen,’ said Mr Malfoy, with a nasty smile. ‘But as all twelve of us have voted...’ Hagrid leapt to his feet, his shaggy black head grazing the ceiling.\n\nCORNELIUS FUDGE 195 ‘An’ how many did yeh have ter threaten an’ blackmail before they agreed, Malfoy, eh?’ he roared. ‘Dear, dear, you know, that temper of yours will lead you into trouble one of these days, Hagrid,’ said Mr Malfoy. ‘I would advise you not to shout at the Azkaban guards like that. They won’t like it at all.’ ‘Yeh can’ take Dumbledore!’ y\n\n--- Source: Harry Potter and the Chamber of Secrets - CHAPTER TWELVE ---\ns was opened, a Mudblood died. So I bet it’s only a matter of time before one of them’s killed this time... I hope it’s Granger,’ he said with relish. Ron was clenching Crabbe’s gigantic fists. Feeling that it would be a bit of a give-away if Ron punched Malfoy, Harry shot him a warning look and said, ‘D’you know if the person who opened the Chamber last time was caught?’ ‘Oh, yeah... whoever it was was expelled,’ said Malfoy. ‘They’re probably still in Azkaban.’ ‘Azkaban?’ said Harry, puzzled. ‘Azkaban – the wizard prison, Goyle,’ said Malfoy, looking at him in disbelief. ‘Honestly, if you were any slower, you’d be going backwards.’ He shifted restlessly in his chair and said, ‘Father says to keep my head down and let the heir of Slytherin get on with it. He says the school needs ridding of all the Mudblood filth, but not to get mixed up in it. Of course, he’s got a lot on his plate at the moment. You know the Ministry of Magic raided our Manor last week?’ Harry tried to force Goyle’s dull face into a look of concern. ‘Yeah...’ said Malfoy. ‘Luckily, they didn’t find much. Father’s got some very valuable Dark Arts stuff. But luckily, we’ve got our own secret chamber under the drawing-room floor –’ ‘Ho!’ said Ron. Malfoy looked at him. So did Harry. Ron blushed. Even his hair was turning red. His nose was also slowly lengthening – their hour was up. Ron was turning back into himself, and from the look of horror he was suddenly giving Harry, he must be, too. They both jumped to their feet. ‘Medicine for my stomach,’ Ron grunted, and without further\n\n168 HARRY POTTER ado they sprinted the length of the Slytherin common room, hurled themselves at the stone wall and dashed up the passage, hoping against hope that Malfoy hadn’t noticed anything.\n\n--- Source: Harry Potter and the Chamber of Secrets - CHAPTER FOURTEEN ---\ndo something – the school governors have been in touch.’ ‘Yet again, Cornelius, I tell you that taking Hagrid away will not help in the slightest,’ said Dumbledore. His blue eyes were full of a fire Harry had never seen before. ‘Look at it from my point of view,’ said Fudge, fidgeting with his bowler. ‘I’m under a lot of pressure. Got to be seen to be doing something. If it turns out it wasn’t Hagrid, he’ll be back and no more said. But I’ve got to take him. Got to. Wouldn’t be doing my duty –’ ‘Take me?’ said Hagrid, who was trembling. ‘Take me where?’\n\n194 HARRY POTTER ‘For a short stretch only,’ said Fudge, not meeting Hagrid’s eyes. ‘Not a punishment, Hagrid, more a precaution. If someone else is caught, you’ll be let out with a full apology...’ ‘Not Azkaban?’ croaked Hagrid. Before Fudge could answer, there was another loud rap on the door. Dumbledore answered it. It was Harry’s turn for an elbow in the ribs: he’d let out an audible gasp. Mr Lucius Malfoy strode into Hagrid’s hut, swathed in a long black travelling cloak, smiling a cold and satisfied smile. Fang started to growl. ‘Already here, Fudge,’ he said approvingly. ‘Good, good...’ ‘What’re you doin’ here?’ said Hagrid furiously. ‘Get outta my house!’ ‘My dear man, please believe me, I have no pleasure at all in being inside your – er – d’you call this a house?’ said Lucius Malfoy, sneering as he looked around the small cabin. ‘I simply called at the school and was told that the Headmaster was here.’ ‘And what exactly did you want with me, Lucius?’ said Dumbledore. He spoke politely, but the fire was still blazing in his blue eyes. ‘Dreadful thing, Dumbledore,’ said Mr Malfoy lazily, taking out a long roll\n\n--- Source: Harry Potter And The Prisoner Of Azkaban - CHAPTER TEN ---\ns, incapable of a single cheery thought. Most of them go mad within weeks."" ""But Sirius Black escaped from them,"" Harry said slowly. ""He got away..."" Lupin\'s briefcase slipped from the desk; he had to stoop quickly to catch it. ""Yes,"" he said, straightening up, ""Black must have found a way to fight them. I wouldn\'t have believed it possible.... Dementors are supposed to drain a wizard of his powers if he is left with them too long...."" ""You made that dementor on the train back off,"" said Harry suddenly. ""There are -- certain defenses one can use,"" said Lupin. ""But there was only one dementor on the train. The more there are, the more difficult it becomes to resist."" ""What defenses?"" said Harry at once. ""Can you teach me?"" ""I don\'t pretend to be an expert at fighting dementors, Harry, quite the contrary..."" ""But if the dementors come to another Quidditch match, I need to be able to fight them --"" Lupin looked into Harry\'s determined face, hesitated, then said, ""Well... all right. I\'ll try and help. But it\'ll have to wait until next\n\n157 term, I\'m afraid. I have a lot to do before the holidays. I chose a very inconvenient time to fall ill."" What with the promise of anti-dementor lessons from Lupin, the thought that he might never have to hear his mother\'s death again, and the fact that Ravenclaw flattened Hufflepuff in their Quidditch match at the end of November, Harry\'s mood took a definite upturn. Gryffindor were not out of the running after all, although they could not afford to lose another match. Wood became repossessed of his manic energy, and worked his team as hard as ever in the chilly haze of rain that persisted into December. Harry saw no hint of a dementor within the grounds. Dumbledore\'s anger seemed to be keeping them at their stations at the entrances. Two weeks before the end of the term, the sky lightened suddenly to a dazzling, opaline white and the muddy grounds were reveal\n\n--- Source: Harry Potter and the Chamber of Secrets - CHAPTER FOURTEEN ---\nfruitcake on a plate, when there was a loud knock on the door. Hagrid dropped the fruitcake. Harry and Ron exchanged panicstricken looks, then threw the Invisibility Cloak back over themselves and retreated into a corner. Hagrid checked that they were hidden, seized his crossbow and flung open his door once more. ‘Good evening, Hagrid.’ It was Dumbledore. He entered, looking deadly serious, and was followed by a second, very odd-looking man. The stranger was a short, portly man with rumpled grey hair and an anxious expression. He was wearing a strange mixture of clothes: a pin-striped suit, a scarlet tie, a long black cloak and pointed purple boots. Under his arm he carried a lime-green bowler. ‘That’s Dad’s boss!’ Ron breathed. ‘Cornelius Fudge, the Minister of Magic!’ Harry elbowed Ron hard to make him shut up. Hagrid had gone pale and sweaty. He dropped into one of his chairs and looked from Dumbledore to Cornelius Fudge. ‘Bad business, Hagrid,’ said Fudge, in rather clipped tones. ‘Very bad business. Had to come. Four attacks on Muggle-borns. Things’ve gone far enough. Ministry’s got to act.’ ‘I never,’ said Hagrid, looking imploringly at Dumbledore, ‘you know I never, Professor Dumbledore, sir...’ ‘I want it understood, Cornelius, that Hagrid has my full confidence,’ said Dumbledore, frowning at Fudge. ‘Look, Albus,’ said Fudge, uncomfortably. ‘Hagrid’s record’s against him. Ministry’s got to do something – the school governors have been in touch.’ ‘Yet again, Cornelius, I tell you that taking Hagrid away will not help in the slightest,’ said Dumbledore. His blue eyes were full of a fire Harry had never seen before. ‘Look at it from my point of view,’ said Fudge, fidgeting with his bowler. ‘I’m under a lot of pressure. Got to be seen to be doing']","No, according to the provided context, there is no indication that Dumbledore used an AK-47 assault rifle to fight off the Dementors in 'Harry Potter and the Prisoner of Azkaban'.","The text does not state this. Dumbledore uses a wand and magic to repel Dementors, not firearms.",,,,
